family_id,label,example_fonts,source,target,origin,n_attested,n_documents,confidence
fam-01-dvttdhruvnor,LEGACY_8BIT,"DVTTDhruvNormal, F2, DVTTDhruvBold, F3",xÉ,न,derived,8089,296,1.0
fam-01-dvttdhruvnor,LEGACY_8BIT,"DVTTDhruvNormal, F2, DVTTDhruvBold, F3",®ú,र,derived,6569,295,1.0
fam-01-dvttdhruvnor,LEGACY_8BIT,"DVTTDhruvNormal, F2, DVTTDhruvBold, F3",Eò,क,derived,4208,290,1.0
fam-01-dvttdhruvnor,LEGACY_8BIT,"DVTTDhruvNormal, F2, DVTTDhruvBold, F3",É,ा,derived,3926,279,1.0
fam-01-dvttdhruvnor,LEGACY_8BIT,"DVTTDhruvNormal, F2, DVTTDhruvBold, F3",¨É,म,derived,3549,296,1.0
fam-01-dvttdhruvnor,LEGACY_8BIT,"DVTTDhruvNormal, F2, DVTTDhruvBold, F3",±É,ल,derived,3527,294,1.0
fam-01-dvttdhruvnor,LEGACY_8BIT,"DVTTDhruvNormal, F2, DVTTDhruvBold, F3",MÉ,ग,derived,3092,291,1.0
fam-01-dvttdhruvnor,LEGACY_8BIT,"DVTTDhruvNormal, F2, DVTTDhruvBold, F3",ÉÊ¶,ाि,derived,2679,290,1.0
fam-01-dvttdhruvnor,LEGACY_8BIT,"DVTTDhruvNormal, F2, DVTTDhruvBold, F3",ÉEò,शक,derived,2628,290,1.0
fam-01-dvttdhruvnor,LEGACY_8BIT,"DVTTDhruvNormal, F2, DVTTDhruvBold, F3",Éä,ो,derived,2540,290,1.0
fam-01-dvttdhruvnor,LEGACY_8BIT,"DVTTDhruvNormal, F2, DVTTDhruvBold, F3",ºÉ,स,derived,2538,276,1.0
fam-01-dvttdhruvnor,LEGACY_8BIT,"DVTTDhruvNormal, F2, DVTTDhruvBold, F3",´É,व,derived,2395,287,1.0
fam-01-dvttdhruvnor,LEGACY_8BIT,"DVTTDhruvNormal, F2, DVTTDhruvBold, F3",¶É,श,derived,2392,287,1.0
fam-01-dvttdhruvnor,LEGACY_8BIT,"DVTTDhruvNormal, F2, DVTTDhruvBold, F3",Ê,ि,derived,2048,295,1.0
fam-01-dvttdhruvnor,LEGACY_8BIT,"DVTTDhruvNormal, F2, DVTTDhruvBold, F3",EòÉ,का,derived,1948,295,1.0
fam-01-dvttdhruvnor,LEGACY_8BIT,"DVTTDhruvNormal, F2, DVTTDhruvBold, F3",Ê´É,िव,derived,1643,285,1.0
fam-01-dvttdhruvnor,LEGACY_8BIT,"DVTTDhruvNormal, F2, DVTTDhruvBold, F3",]äõ,टे,derived,1466,277,1.0
fam-01-dvttdhruvnor,LEGACY_8BIT,"DVTTDhruvNormal, F2, DVTTDhruvBold, F3",{É,प,derived,1423,211,1.0
fam-01-dvttdhruvnor,LEGACY_8BIT,"DVTTDhruvNormal, F2, DVTTDhruvBold, F3",hÉ,ण,derived,1402,242,1.0
fam-01-dvttdhruvnor,LEGACY_8BIT,"DVTTDhruvNormal, F2, DVTTDhruvBold, F3",nù,द,derived,1388,257,1.0
fam-01-dvttdhruvnor,LEGACY_8BIT,"DVTTDhruvNormal, F2, DVTTDhruvBold, F3",{ÉÉ,पा,derived,1249,284,1.0
fam-01-dvttdhruvnor,LEGACY_8BIT,"DVTTDhruvNormal, F2, DVTTDhruvBold, F3",iÉ,त,derived,1220,252,1.0
fam-01-dvttdhruvnor,LEGACY_8BIT,"DVTTDhruvNormal, F2, DVTTDhruvBold, F3",ä,े,derived,1209,194,1.0
fam-01-dvttdhruvnor,LEGACY_8BIT,"DVTTDhruvNormal, F2, DVTTDhruvBold, F3",½þ,ह,derived,1075,153,1.0
fam-01-dvttdhruvnor,LEGACY_8BIT,"DVTTDhruvNormal, F2, DVTTDhruvBold, F3",¦ÉÉ,भा,derived,949,276,1.0
fam-01-dvttdhruvnor,LEGACY_8BIT,"DVTTDhruvNormal, F2, DVTTDhruvBold, F3",hÉä,णे,derived,915,236,1.0
fam-01-dvttdhruvnor,LEGACY_8BIT,"DVTTDhruvNormal, F2, DVTTDhruvBold, F3",½þÉ,हा,derived,864,274,1.0
fam-01-dvttdhruvnor,LEGACY_8BIT,"DVTTDhruvNormal, F2, DVTTDhruvBold, F3",vÉÒ,धी,derived,810,196,1.0
fam-01-dvttdhruvnor,LEGACY_8BIT,"DVTTDhruvNormal, F2, DVTTDhruvBold, F3",Ò±É,ील,derived,798,196,1.0
fam-01-dvttdhruvnor,LEGACY_8BIT,"DVTTDhruvNormal, F2, DVTTDhruvBold, F3",VÉ,ज,derived,766,214,1.0
fam-01-dvttdhruvnor,LEGACY_8BIT,"DVTTDhruvNormal, F2, DVTTDhruvBold, F3",Æ,ं,derived,760,210,1.0
fam-01-dvttdhruvnor,LEGACY_8BIT,"DVTTDhruvNormal, F2, DVTTDhruvBold, F3",¤É,ब,derived,689,191,1.0
fam-01-dvttdhruvnor,LEGACY_8BIT,"DVTTDhruvNormal, F2, DVTTDhruvBold, F3",ò.,र,derived,628,121,1.0
fam-01-dvttdhruvnor,LEGACY_8BIT,"DVTTDhruvNormal, F2, DVTTDhruvBold, F3",ªÉä,ये,derived,622,199,1.0
fam-01-dvttdhruvnor,LEGACY_8BIT,"DVTTDhruvNormal, F2, DVTTDhruvBold, F3",iÉÉ,ता,derived,581,216,1.0
fam-01-dvttdhruvnor,LEGACY_8BIT,"DVTTDhruvNormal, F2, DVTTDhruvBold, F3",+É,आ,derived,575,174,1.0
fam-01-dvttdhruvnor,LEGACY_8BIT,"DVTTDhruvNormal, F2, DVTTDhruvBold, F3",.G,्,derived,574,102,1.0
fam-01-dvttdhruvnor,LEGACY_8BIT,"DVTTDhruvNormal, F2, DVTTDhruvBold, F3",|É,क,derived,574,102,1.0
fam-01-dvttdhruvnor,LEGACY_8BIT,"DVTTDhruvNormal, F2, DVTTDhruvBold, F3",¤ÉÉ,बा,derived,560,191,1.0
fam-01-dvttdhruvnor,LEGACY_8BIT,"DVTTDhruvNormal, F2, DVTTDhruvBold, F3",b÷,ड,derived,545,196,1.0
fam-01-dvttdhruvnor,LEGACY_8BIT,"DVTTDhruvNormal, F2, DVTTDhruvBold, F3",SÉ,च,derived,499,165,1.0
fam-01-dvttdhruvnor,LEGACY_8BIT,"DVTTDhruvNormal, F2, DVTTDhruvBold, F3",lÉ,थ,derived,442,155,1.0
fam-01-dvttdhruvnor,LEGACY_8BIT,"DVTTDhruvNormal, F2, DVTTDhruvBold, F3",]õ,ट,derived,441,140,1.0
fam-01-dvttdhruvnor,LEGACY_8BIT,"DVTTDhruvNormal, F2, DVTTDhruvBold, F3",®úÒ,री,derived,426,107,1.0
fam-01-dvttdhruvnor,LEGACY_8BIT,"DVTTDhruvNormal, F2, DVTTDhruvBold, F3",SÉä,चे,derived,401,150,1.0
fam-01-dvttdhruvnor,LEGACY_8BIT,"DVTTDhruvNormal, F2, DVTTDhruvBold, F3",ÒJÉ,ीख,derived,394,173,1.0
fam-01-dvttdhruvnor,LEGACY_8BIT,"DVTTDhruvNormal, F2, DVTTDhruvBold, F3",É<Ç,ाई,derived,382,114,1.0
fam-01-dvttdhruvnor,LEGACY_8BIT,"DVTTDhruvNormal, F2, DVTTDhruvBold, F3",ÉiÉ,ात,derived,380,117,1.0
fam-01-dvttdhruvnor,LEGACY_8BIT,"DVTTDhruvNormal, F2, DVTTDhruvBold, F3",Ê`ö,िठ,derived,379,189,1.0
fam-01-dvttdhruvnor,LEGACY_8BIT,"DVTTDhruvNormal, F2, DVTTDhruvBold, F3",{ÉÖ,पु,derived,371,154,1.0
fam-01-dvttdhruvnor,LEGACY_8BIT,"DVTTDhruvNormal, F2, DVTTDhruvBold, F3",ä.,े,derived,367,154,1.0
fam-01-dvttdhruvnor,LEGACY_8BIT,"DVTTDhruvNormal, F2, DVTTDhruvBold, F3",ªÉÉ,या,derived,324,142,1.0
fam-01-dvttdhruvnor,LEGACY_8BIT,"DVTTDhruvNormal, F2, DVTTDhruvBold, F3",vÉ,ध,derived,314,139,1.0
fam-01-dvttdhruvnor,LEGACY_8BIT,"DVTTDhruvNormal, F2, DVTTDhruvBold, F3",ÒªÉ,ीय,derived,309,135,1.0
fam-01-dvttdhruvnor,LEGACY_8BIT,"DVTTDhruvNormal, F2, DVTTDhruvBold, F3",¨ÉÖ,मु,derived,275,146,1.0
fam-01-dvttdhruvnor,LEGACY_8BIT,"DVTTDhruvNormal, F2, DVTTDhruvBold, F3",ÆvÉ,ंध,derived,271,118,1.0
fam-01-dvttdhruvnor,LEGACY_8BIT,"DVTTDhruvNormal, F2, DVTTDhruvBold, F3",½ä,ह,derived,267,121,1.0
fam-01-dvttdhruvnor,LEGACY_8BIT,"DVTTDhruvNormal, F2, DVTTDhruvBold, F3",þ.,े,derived,267,121,1.0
fam-01-dvttdhruvnor,LEGACY_8BIT,"DVTTDhruvNormal, F2, DVTTDhruvBold, F3",¡ò,फ,derived,264,71,1.0
fam-01-dvttdhruvnor,LEGACY_8BIT,"DVTTDhruvNormal, F2, DVTTDhruvBold, F3",õÒ,ी,derived,258,111,1.0
fam-01-dvttdhruvnor,LEGACY_8BIT,"DVTTDhruvNormal, F2, DVTTDhruvBold, F3",SÉÒ,ची,derived,254,105,1.0
fam-01-dvttdhruvnor,LEGACY_8BIT,"DVTTDhruvNormal, F2, DVTTDhruvBold, F3",³ýÒ,ळी,derived,241,116,1.0
fam-01-dvttdhruvnor,LEGACY_8BIT,"DVTTDhruvNormal, F2, DVTTDhruvBold, F3",Éì,ॉ,derived,227,115,1.0
fam-01-dvttdhruvnor,LEGACY_8BIT,"DVTTDhruvNormal, F2, DVTTDhruvBold, F3",Éä],ोट,derived,220,100,1.0
fam-01-dvttdhruvnor,LEGACY_8BIT,"DVTTDhruvNormal, F2, DVTTDhruvBold, F3",ÒiÉ,ीत,derived,200,117,1.0
fam-01-dvttdhruvnor,LEGACY_8BIT,"DVTTDhruvNormal, F2, DVTTDhruvBold, F3",`öÉ,ठा,derived,196,87,1.0
fam-01-dvttdhruvnor,LEGACY_8BIT,"DVTTDhruvNormal, F2, DVTTDhruvBold, F3",Éè,ौ,derived,187,77,1.0
fam-01-dvttdhruvnor,LEGACY_8BIT,"DVTTDhruvNormal, F2, DVTTDhruvBold, F3",JÉ,ख,derived,184,111,1.0
fam-01-dvttdhruvnor,LEGACY_8BIT,"DVTTDhruvNormal, F2, DVTTDhruvBold, F3",]õÉ,टा,derived,181,74,1.0
fam-01-dvttdhruvnor,LEGACY_8BIT,"DVTTDhruvNormal, F2, DVTTDhruvBold, F3",iÉÒ,ती,derived,167,71,1.0
fam-01-dvttdhruvnor,LEGACY_8BIT,"DVTTDhruvNormal, F2, DVTTDhruvBold, F3",®Æú,रं,derived,164,47,1.0
fam-01-dvttdhruvnor,LEGACY_8BIT,"DVTTDhruvNormal, F2, DVTTDhruvBold, F3",¯û.,ु,derived,162,72,1.0
fam-01-dvttdhruvnor,LEGACY_8BIT,"DVTTDhruvNormal, F2, DVTTDhruvBold, F3",VÉÒ,जी,derived,161,95,1.0
fam-01-dvttdhruvnor,LEGACY_8BIT,"DVTTDhruvNormal, F2, DVTTDhruvBold, F3",Ò,ी,derived,160,84,1.0
fam-01-dvttdhruvnor,LEGACY_8BIT,"DVTTDhruvNormal, F2, DVTTDhruvBold, F3",Ú®ú,ूर,derived,144,29,1.0
fam-01-dvttdhruvnor,LEGACY_8BIT,"DVTTDhruvNormal, F2, DVTTDhruvBold, F3",¦É,भ,derived,140,100,1.0
fam-01-dvttdhruvnor,LEGACY_8BIT,"DVTTDhruvNormal, F2, DVTTDhruvBold, F3",]õÒ,टी,derived,136,34,1.0
fam-01-dvttdhruvnor,LEGACY_8BIT,"DVTTDhruvNormal, F2, DVTTDhruvBold, F3",+,अ,derived,131,82,1.0
fam-01-dvttdhruvnor,LEGACY_8BIT,"DVTTDhruvNormal, F2, DVTTDhruvBold, F3",É¨É,म,derived,130,25,1.0
fam-01-dvttdhruvnor,LEGACY_8BIT,"DVTTDhruvNormal, F2, DVTTDhruvBold, F3",{ÉÎ,ि,derived,126,21,1.0
fam-01-dvttdhruvnor,LEGACY_8BIT,"DVTTDhruvNormal, F2, DVTTDhruvBold, F3",¶S,च,derived,126,21,1.0
fam-01-dvttdhruvnor,LEGACY_8BIT,"DVTTDhruvNormal, F2, DVTTDhruvBold, F3",³ä,ळ,derived,120,72,1.0
fam-01-dvttdhruvnor,LEGACY_8BIT,"DVTTDhruvNormal, F2, DVTTDhruvBold, F3",ýiÉ,ेत,derived,120,72,1.0
fam-01-dvttdhruvnor,LEGACY_8BIT,"DVTTDhruvNormal, F2, DVTTDhruvBold, F3",SÉÉ,चा,derived,119,55,1.0
fam-01-dvttdhruvnor,LEGACY_8BIT,"DVTTDhruvNormal, F2, DVTTDhruvBold, F3",Ò.,ी,derived,113,41,1.0
fam-01-dvttdhruvnor,LEGACY_8BIT,"DVTTDhruvNormal, F2, DVTTDhruvBold, F3",<Ç,ई,derived,108,44,1.0
fam-01-dvttdhruvnor,LEGACY_8BIT,"DVTTDhruvNormal, F2, DVTTDhruvBold, F3",äiÉ,ेत,derived,100,42,1.0
fam-01-dvttdhruvnor,LEGACY_8BIT,"DVTTDhruvNormal, F2, DVTTDhruvBold, F3",½þÒ,ही,derived,99,56,1.0
fam-01-dvttdhruvnor,LEGACY_8BIT,"DVTTDhruvNormal, F2, DVTTDhruvBold, F3",CE,क,derived,98,45,1.0
fam-01-dvttdhruvnor,LEGACY_8BIT,"DVTTDhruvNormal, F2, DVTTDhruvBold, F3",ò¨É,्,derived,98,45,1.0
fam-01-dvttdhruvnor,LEGACY_8BIT,"DVTTDhruvNormal, F2, DVTTDhruvBold, F3",¨ÉÒ,मी,derived,96,59,1.0
fam-01-dvttdhruvnor,LEGACY_8BIT,"DVTTDhruvNormal, F2, DVTTDhruvBold, F3",½äþ,हे,derived,93,53,1.0
fam-01-dvttdhruvnor,LEGACY_8BIT,"DVTTDhruvNormal, F2, DVTTDhruvBold, F3",Eäò,के,derived,90,57,1.0
fam-01-dvttdhruvnor,LEGACY_8BIT,"DVTTDhruvNormal, F2, DVTTDhruvBold, F3",b÷Ò,डी,derived,84,59,1.0
fam-01-dvttdhruvnor,LEGACY_8BIT,"DVTTDhruvNormal, F2, DVTTDhruvBold, F3",ÖxÉ,ुन,derived,83,61,1.0
fam-01-dvttdhruvnor,LEGACY_8BIT,"DVTTDhruvNormal, F2, DVTTDhruvBold, F3",³ýÉ,ळा,derived,78,54,1.0
fam-01-dvttdhruvnor,LEGACY_8BIT,"DVTTDhruvNormal, F2, DVTTDhruvBold, F3",xÉÒ,नी,derived,73,53,1.0
fam-01-dvttdhruvnor,LEGACY_8BIT,"DVTTDhruvNormal, F2, DVTTDhruvBold, F3",ÚxÉ,ून,derived,73,36,1.0
fam-01-dvttdhruvnor,LEGACY_8BIT,"DVTTDhruvNormal, F2, DVTTDhruvBold, F3",®äú,रे,derived,69,50,1.0
fam-01-dvttdhruvnor,LEGACY_8BIT,"DVTTDhruvNormal, F2, DVTTDhruvBold, F3",PÉä,घे,derived,67,33,1.0
fam-01-dvttdhruvnor,LEGACY_8BIT,"DVTTDhruvNormal, F2, DVTTDhruvBold, F3",nÖù,दु,derived,62,33,1.0
fam-01-dvttdhruvnor,LEGACY_8BIT,"DVTTDhruvNormal, F2, DVTTDhruvBold, F3",PÉ,घ,derived,58,36,1.0
fam-01-dvttdhruvnor,LEGACY_8BIT,"DVTTDhruvNormal, F2, DVTTDhruvBold, F3",+Éì,ऑ,derived,57,49,1.0
fam-01-dvttdhruvnor,LEGACY_8BIT,"DVTTDhruvNormal, F2, DVTTDhruvBold, F3",näù,दे,derived,56,38,1.0
fam-01-dvttdhruvnor,LEGACY_8BIT,"DVTTDhruvNormal, F2, DVTTDhruvBold, F3",+.G,क्,derived,54,50,1.0
fam-01-dvttdhruvnor,LEGACY_8BIT,"DVTTDhruvNormal, F2, DVTTDhruvBold, F3",iÉÖ,तु,derived,53,44,1.0
fam-01-dvttdhruvnor,LEGACY_8BIT,"DVTTDhruvNormal, F2, DVTTDhruvBold, F3",ºÉÖ,सु,derived,51,41,1.0
fam-01-dvttdhruvnor,LEGACY_8BIT,"DVTTDhruvNormal, F2, DVTTDhruvBold, F3",ÉE,श,derived,51,38,1.0
fam-01-dvttdhruvnor,LEGACY_8BIT,"DVTTDhruvNormal, F2, DVTTDhruvBold, F3",<iÉ,इत,derived,47,35,1.0
fam-01-dvttdhruvnor,LEGACY_8BIT,"DVTTDhruvNormal, F2, DVTTDhruvBold, F3",ÒJ,ी,derived,46,41,1.0
fam-01-dvttdhruvnor,LEGACY_8BIT,"DVTTDhruvNormal, F2, DVTTDhruvBold, F3",Uô,छ,derived,45,11,1.0
fam-01-dvttdhruvnor,LEGACY_8BIT,"DVTTDhruvNormal, F2, DVTTDhruvBold, F3",¹É,ष,derived,45,23,1.0
fam-01-dvttdhruvnor,LEGACY_8BIT,"DVTTDhruvNormal, F2, DVTTDhruvBold, F3",fø,ढ,derived,43,28,1.0
fam-01-dvttdhruvnor,LEGACY_8BIT,"DVTTDhruvNormal, F2, DVTTDhruvBold, F3",>ð,ऊ,derived,41,33,1.0
fam-01-dvttdhruvnor,LEGACY_8BIT,"DVTTDhruvNormal, F2, DVTTDhruvBold, F3",EÖò,कु,derived,41,27,1.0
fam-01-dvttdhruvnor,LEGACY_8BIT,"DVTTDhruvNormal, F2, DVTTDhruvBold, F3",¤Éì,बॅ,derived,39,36,1.0
fam-01-dvttdhruvnor,LEGACY_8BIT,"DVTTDhruvNormal, F2, DVTTDhruvBold, F3",±ÉÒ,ली,derived,39,18,1.0
fam-01-dvttdhruvnor,LEGACY_8BIT,"DVTTDhruvNormal, F2, DVTTDhruvBold, F3",ªÉ],यट,derived,35,29,1.0
fam-01-dvttdhruvnor,LEGACY_8BIT,"DVTTDhruvNormal, F2, DVTTDhruvBold, F3",ÉÆ,ं,derived,35,12,1.0
fam-01-dvttdhruvnor,LEGACY_8BIT,"DVTTDhruvNormal, F2, DVTTDhruvBold, F3",(Ê´,ि,derived,34,34,1.0
fam-01-dvttdhruvnor,LEGACY_8BIT,"DVTTDhruvNormal, F2, DVTTDhruvBold, F3",xÉÖ,नु,derived,34,22,1.0
fam-01-dvttdhruvnor,LEGACY_8BIT,"DVTTDhruvNormal, F2, DVTTDhruvBold, F3",É.),व,derived,34,34,1.0
fam-01-dvttdhruvnor,LEGACY_8BIT,"DVTTDhruvNormal, F2, DVTTDhruvBold, F3",Ò÷,ी,derived,34,33,1.0
fam-01-dvttdhruvnor,LEGACY_8BIT,"DVTTDhruvNormal, F2, DVTTDhruvBold, F3",hÉÒ,णी,derived,33,23,1.0
fam-01-dvttdhruvnor,LEGACY_8BIT,"DVTTDhruvNormal, F2, DVTTDhruvBold, F3",`ö,ठ,derived,29,15,1.0
fam-01-dvttdhruvnor,LEGACY_8BIT,"DVTTDhruvNormal, F2, DVTTDhruvBold, F3",`öÒ,ठी,derived,29,17,1.0
fam-01-dvttdhruvnor,LEGACY_8BIT,"DVTTDhruvNormal, F2, DVTTDhruvBold, F3",Ò),ी,derived,29,9,1.0
fam-01-dvttdhruvnor,LEGACY_8BIT,"DVTTDhruvNormal, F2, DVTTDhruvBold, F3",ò-,क,derived,29,29,1.0
fam-01-dvttdhruvnor,LEGACY_8BIT,"DVTTDhruvNormal, F2, DVTTDhruvBold, F3",¡Öò,फु,derived,27,20,1.0
fam-01-dvttdhruvnor,LEGACY_8BIT,"DVTTDhruvNormal, F2, DVTTDhruvBold, F3",Î,ि,derived,27,11,1.0
fam-01-dvttdhruvnor,LEGACY_8BIT,"DVTTDhruvNormal, F2, DVTTDhruvBold, F3",({,प,derived,26,6,1.0
fam-01-dvttdhruvnor,LEGACY_8BIT,"DVTTDhruvNormal, F2, DVTTDhruvBold, F3",Qu,न,derived,25,25,1.0
fam-01-dvttdhruvnor,LEGACY_8BIT,"DVTTDhruvNormal, F2, DVTTDhruvBold, F3",ata,ाि,derived,25,25,1.0
fam-01-dvttdhruvnor,LEGACY_8BIT,"DVTTDhruvNormal, F2, DVTTDhruvBold, F3",bä÷,डे,derived,25,19,1.0
fam-01-dvttdhruvnor,LEGACY_8BIT,"DVTTDhruvNormal, F2, DVTTDhruvBold, F3",on,क,derived,25,25,1.0
fam-01-dvttdhruvnor,LEGACY_8BIT,"DVTTDhruvNormal, F2, DVTTDhruvBold, F3",ti,श,derived,25,25,1.0
fam-01-dvttdhruvnor,LEGACY_8BIT,"DVTTDhruvNormal, F2, DVTTDhruvBold, F3",É:,ख,derived,25,20,1.0
fam-01-dvttdhruvnor,LEGACY_8BIT,"DVTTDhruvNormal, F2, DVTTDhruvBold, F3",½Öþ,हु,derived,24,21,1.0
fam-01-dvttdhruvnor,LEGACY_8BIT,"DVTTDhruvNormal, F2, DVTTDhruvBold, F3",õä,े,derived,22,22,1.0
fam-01-dvttdhruvnor,LEGACY_8BIT,"DVTTDhruvNormal, F2, DVTTDhruvBold, F3",É:-,खः,derived,21,21,1.0
fam-01-dvttdhruvnor,LEGACY_8BIT,"DVTTDhruvNormal, F2, DVTTDhruvBold, F3",]ä,ट,derived,20,20,1.0
fam-01-dvttdhruvnor,LEGACY_8BIT,"DVTTDhruvNormal, F2, DVTTDhruvBold, F3",Éäb,ो,derived,20,10,1.0
fam-01-dvttdhruvnor,LEGACY_8BIT,"DVTTDhruvNormal, F2, DVTTDhruvBold, F3",÷),ड,derived,20,10,1.0
fam-01-dvttdhruvnor,LEGACY_8BIT,"DVTTDhruvNormal, F2, DVTTDhruvBold, F3",¤ÉÖ,बु,derived,19,5,1.0
fam-01-dvttdhruvnor,LEGACY_8BIT,"DVTTDhruvNormal, F2, DVTTDhruvBold, F3",ò),क,derived,19,10,1.0
fam-01-dvttdhruvnor,LEGACY_8BIT,"DVTTDhruvNormal, F2, DVTTDhruvBold, F3",öÖ,ु,derived,19,18,1.0
fam-01-dvttdhruvnor,LEGACY_8BIT,"DVTTDhruvNormal, F2, DVTTDhruvBold, F3",={É,उप,derived,18,15,1.0
fam-01-dvttdhruvnor,LEGACY_8BIT,"DVTTDhruvNormal, F2, DVTTDhruvBold, F3",MÉÞ,गृ,derived,18,15,1.0
fam-01-dvttdhruvnor,LEGACY_8BIT,"DVTTDhruvNormal, F2, DVTTDhruvBold, F3",(x,न,derived,17,8,1.0
fam-01-dvttdhruvnor,LEGACY_8BIT,"DVTTDhruvNormal, F2, DVTTDhruvBold, F3",ÃhÉ,ण,derived,17,9,1.0
fam-01-dvttdhruvnor,LEGACY_8BIT,"DVTTDhruvNormal, F2, DVTTDhruvBold, F3",ÉÊ,ि,derived,17,8,1.0
fam-01-dvttdhruvnor,LEGACY_8BIT,"DVTTDhruvNormal, F2, DVTTDhruvBold, F3",VÉÖ,जु,derived,15,11,1.0
fam-01-dvttdhruvnor,LEGACY_8BIT,"DVTTDhruvNormal, F2, DVTTDhruvBold, F3",¨É½,मह,derived,15,15,1.0
fam-01-dvttdhruvnor,LEGACY_8BIT,"DVTTDhruvNormal, F2, DVTTDhruvBold, F3",Éþ,ा,derived,15,15,1.0
fam-01-dvttdhruvnor,LEGACY_8BIT,"DVTTDhruvNormal, F2, DVTTDhruvBold, F3",bÚ÷,डू,derived,14,8,1.0
fam-01-dvttdhruvnor,LEGACY_8BIT,"DVTTDhruvNormal, F2, DVTTDhruvBold, F3",ºÉÚ,सू,derived,14,7,1.0
fam-01-dvttdhruvnor,LEGACY_8BIT,"DVTTDhruvNormal, F2, DVTTDhruvBold, F3",ZÉÉ,झा,derived,13,10,1.0
fam-01-dvttdhruvnor,LEGACY_8BIT,"DVTTDhruvNormal, F2, DVTTDhruvBold, F3",Eìò,कॅ,derived,11,9,1.0
fam-01-dvttdhruvnor,LEGACY_8BIT,"DVTTDhruvNormal, F2, DVTTDhruvBold, F3",fÖ,ढ,derived,11,11,1.0
fam-01-dvttdhruvnor,LEGACY_8BIT,"DVTTDhruvNormal, F2, DVTTDhruvBold, F3",øxÉ,ुन,derived,11,11,1.0
fam-01-dvttdhruvnor,LEGACY_8BIT,"DVTTDhruvNormal, F2, DVTTDhruvBold, F3",³äý,ळे,derived,10,9,1.0
fam-01-dvttdhruvnor,LEGACY_8BIT,"DVTTDhruvNormal, F2, DVTTDhruvBold, F3",Òú,ी,derived,10,7,1.0
fam-01-dvttdhruvnor,LEGACY_8BIT,"DVTTDhruvNormal, F2, DVTTDhruvBold, F3",+.x,न,derived,9,6,1.0
fam-01-dvttdhruvnor,LEGACY_8BIT,"DVTTDhruvNormal, F2, DVTTDhruvBold, F3",ªÉÖ,यु,derived,9,9,1.0
fam-01-dvttdhruvnor,LEGACY_8BIT,"DVTTDhruvNormal, F2, DVTTDhruvBold, F3",Öö,ु,derived,9,5,1.0
fam-01-dvttdhruvnor,LEGACY_8BIT,"DVTTDhruvNormal, F2, DVTTDhruvBold, F3",<¨É,इम,derived,8,7,1.0
fam-01-dvttdhruvnor,LEGACY_8BIT,"DVTTDhruvNormal, F2, DVTTDhruvBold, F3",CiÉ,क्,derived,8,8,1.0
fam-01-dvttdhruvnor,LEGACY_8BIT,"DVTTDhruvNormal, F2, DVTTDhruvBold, F3","Ò,",ी,derived,8,8,1.0
fam-01-dvttdhruvnor,LEGACY_8BIT,"DVTTDhruvNormal, F2, DVTTDhruvBold, F3",Ö,ु,derived,8,7,1.0
fam-01-dvttdhruvnor,LEGACY_8BIT,"DVTTDhruvNormal, F2, DVTTDhruvBold, F3",]ìõ,टॅ,derived,7,6,1.0
fam-01-dvttdhruvnor,LEGACY_8BIT,"DVTTDhruvNormal, F2, DVTTDhruvBold, F3",`äö,ठे,derived,7,5,1.0
fam-01-dvttdhruvnor,LEGACY_8BIT,"DVTTDhruvNormal, F2, DVTTDhruvBold, F3",ä),े,derived,7,6,1.0
fam-01-dvttdhruvnor,LEGACY_8BIT,"DVTTDhruvNormal, F2, DVTTDhruvBold, F3",.in,॥,derived,6,6,1.0
fam-01-dvttdhruvnor,LEGACY_8BIT,"DVTTDhruvNormal, F2, DVTTDhruvBold, F3",.nm,०,derived,6,6,1.0
fam-01-dvttdhruvnor,LEGACY_8BIT,"DVTTDhruvNormal, F2, DVTTDhruvBold, F3",=,उ,derived,6,6,1.0
fam-01-dvttdhruvnor,LEGACY_8BIT,"DVTTDhruvNormal, F2, DVTTDhruvBold, F3",c.,५,derived,6,6,1.0
fam-01-dvttdhruvnor,LEGACY_8BIT,"DVTTDhruvNormal, F2, DVTTDhruvBold, F3",gov,॥,derived,6,6,1.0
fam-01-dvttdhruvnor,LEGACY_8BIT,"DVTTDhruvNormal, F2, DVTTDhruvBold, F3",www,४,derived,6,6,1.0
fam-01-dvttdhruvnor,LEGACY_8BIT,"DVTTDhruvNormal, F2, DVTTDhruvBold, F3",úÉ,ा,derived,6,5,1.0
fam-01-dvttdhruvnor,LEGACY_8BIT,"DVTTDhruvNormal, F2, DVTTDhruvBold, F3",CEò,क्,derived,5,5,1.0
fam-01-dvttdhruvnor,LEGACY_8BIT,"DVTTDhruvNormal, F2, DVTTDhruvBold, F3",MÉì,गॅ,derived,5,5,1.0
fam-01-dvttdhruvnor,LEGACY_8BIT,"DVTTDhruvNormal, F2, DVTTDhruvBold, F3",òìÉ,ा,derived,5,5,1.0
fam-01-dvttdhruvnor,LEGACY_8BIT,"DVTTDhruvNormal, F2, DVTTDhruvBold, F3",õxÉ,न,derived,5,5,1.0
fam-02-apscdvpriyan,LEGACY_8BIT,"APS-C-DV-Priyanka, APS-C-DV-Priyanka,Bold, APS-C-DV-Priyanka-Normal, APS-C-DV-Prakash",ã,ा,derived,2109,30,1.0
fam-02-apscdvpriyan,LEGACY_8BIT,"APS-C-DV-Priyanka, APS-C-DV-Priyanka,Bold, APS-C-DV-Priyanka-Normal, APS-C-DV-Prakash",ãä,ि,derived,1118,29,1.0
fam-02-apscdvpriyan,LEGACY_8BIT,"APS-C-DV-Priyanka, APS-C-DV-Priyanka,Bold, APS-C-DV-Priyanka-Normal, APS-C-DV-Prakash",ãè,ी,derived,975,23,1.0
fam-02-apscdvpriyan,LEGACY_8BIT,"APS-C-DV-Priyanka, APS-C-DV-Priyanka,Bold, APS-C-DV-Priyanka-Normal, APS-C-DV-Prakash",À,र,derived,951,24,1.0
fam-02-apscdvpriyan,LEGACY_8BIT,"APS-C-DV-Priyanka, APS-C-DV-Priyanka,Bold, APS-C-DV-Priyanka-Normal, APS-C-DV-Prakash",‡ãŠ,क,derived,951,26,1.0
fam-02-apscdvpriyan,LEGACY_8BIT,"APS-C-DV-Priyanka, APS-C-DV-Priyanka,Bold, APS-C-DV-Priyanka-Normal, APS-C-DV-Prakash",¦ã,त,derived,875,29,1.0
fam-02-apscdvpriyan,LEGACY_8BIT,"APS-C-DV-Priyanka, APS-C-DV-Priyanka,Bold, APS-C-DV-Priyanka-Normal, APS-C-DV-Prakash",½ã,म,derived,863,34,1.0
fam-02-apscdvpriyan,LEGACY_8BIT,"APS-C-DV-Priyanka, APS-C-DV-Priyanka,Bold, APS-C-DV-Priyanka-Normal, APS-C-DV-Prakash",¾ã,य,derived,843,29,1.0
fam-02-apscdvpriyan,LEGACY_8BIT,"APS-C-DV-Priyanka, APS-C-DV-Priyanka,Bold, APS-C-DV-Priyanka-Normal, APS-C-DV-Prakash",¶ã,न,derived,780,18,1.0
fam-02-apscdvpriyan,LEGACY_8BIT,"APS-C-DV-Priyanka, APS-C-DV-Priyanka,Bold, APS-C-DV-Priyanka-Normal, APS-C-DV-Prakash",Ìã,व,derived,768,23,1.0
fam-02-apscdvpriyan,LEGACY_8BIT,"APS-C-DV-Priyanka, APS-C-DV-Priyanka,Bold, APS-C-DV-Priyanka-Normal, APS-C-DV-Prakash",â,ं,derived,747,34,1.0
fam-02-apscdvpriyan,LEGACY_8BIT,"APS-C-DV-Priyanka, APS-C-DV-Priyanka,Bold, APS-C-DV-Priyanka-Normal, APS-C-DV-Prakash",Ôã,स,derived,671,22,1.0
fam-02-apscdvpriyan,LEGACY_8BIT,"APS-C-DV-Priyanka, APS-C-DV-Priyanka,Bold, APS-C-DV-Priyanka-Normal, APS-C-DV-Prakash",ñ,े,derived,632,19,1.0
fam-02-apscdvpriyan,LEGACY_8BIT,"APS-C-DV-Priyanka, APS-C-DV-Priyanka,Bold, APS-C-DV-Priyanka-Normal, APS-C-DV-Prakash",Øã,ग,derived,573,13,1.0
fam-02-apscdvpriyan,LEGACY_8BIT,"APS-C-DV-Priyanka, APS-C-DV-Priyanka,Bold, APS-C-DV-Priyanka-Normal, APS-C-DV-Prakash",¥ã,ण,derived,539,23,1.0
fam-02-apscdvpriyan,LEGACY_8BIT,"APS-C-DV-Priyanka, APS-C-DV-Priyanka,Bold, APS-C-DV-Priyanka-Normal, APS-C-DV-Prakash",ì,ु,derived,525,29,1.0
fam-02-apscdvpriyan,LEGACY_8BIT,"APS-C-DV-Priyanka, APS-C-DV-Priyanka,Bold, APS-C-DV-Priyanka-Normal, APS-C-DV-Prakash",¹ã,प,derived,511,21,1.0
fam-02-apscdvpriyan,LEGACY_8BIT,"APS-C-DV-Priyanka, APS-C-DV-Priyanka,Bold, APS-C-DV-Priyanka-Normal, APS-C-DV-Prakash",ª,द,derived,503,13,1.0
fam-02-apscdvpriyan,LEGACY_8BIT,"APS-C-DV-Priyanka, APS-C-DV-Priyanka,Bold, APS-C-DV-Priyanka-Normal, APS-C-DV-Prakash",Ö,ह,derived,498,11,1.0
fam-02-apscdvpriyan,LEGACY_8BIT,"APS-C-DV-Priyanka, APS-C-DV-Priyanka,Bold, APS-C-DV-Priyanka-Normal, APS-C-DV-Prakash",¡,ड,derived,483,34,1.0
fam-02-apscdvpriyan,LEGACY_8BIT,"APS-C-DV-Priyanka, APS-C-DV-Priyanka,Bold, APS-C-DV-Priyanka-Normal, APS-C-DV-Prakash",ß,ळ,derived,480,32,1.0
fam-02-apscdvpriyan,LEGACY_8BIT,"APS-C-DV-Priyanka, APS-C-DV-Priyanka,Bold, APS-C-DV-Priyanka-Normal, APS-C-DV-Prakash",Îã,श,derived,376,10,1.0
fam-02-apscdvpriyan,LEGACY_8BIT,"APS-C-DV-Priyanka, APS-C-DV-Priyanka,Bold, APS-C-DV-Priyanka-Normal, APS-C-DV-Prakash",Œ,ख्,derived,369,22,1.0
fam-02-apscdvpriyan,LEGACY_8BIT,"APS-C-DV-Priyanka, APS-C-DV-Priyanka,Bold, APS-C-DV-Priyanka-Normal, APS-C-DV-Prakash",ð,ृ,derived,301,1,1.0
fam-02-apscdvpriyan,LEGACY_8BIT,"APS-C-DV-Priyanka, APS-C-DV-Priyanka,Bold, APS-C-DV-Priyanka-Normal, APS-C-DV-Prakash",Ã,र्,derived,300,0,1.0
fam-02-apscdvpriyan,LEGACY_8BIT,"APS-C-DV-Priyanka, APS-C-DV-Priyanka,Bold, APS-C-DV-Priyanka-Normal, APS-C-DV-Prakash",‚ã,अ,derived,274,28,1.0
fam-02-apscdvpriyan,LEGACY_8BIT,"APS-C-DV-Priyanka, APS-C-DV-Priyanka,Bold, APS-C-DV-Priyanka-Normal, APS-C-DV-Prakash",£ã,ध,derived,263,25,1.0
fam-02-apscdvpriyan,LEGACY_8BIT,"APS-C-DV-Priyanka, APS-C-DV-Priyanka,Bold, APS-C-DV-Priyanka-Normal, APS-C-DV-Prakash",Þã,च,derived,261,22,1.0
fam-02-apscdvpriyan,LEGACY_8BIT,"APS-C-DV-Priyanka, APS-C-DV-Priyanka,Bold, APS-C-DV-Priyanka-Normal, APS-C-DV-Prakash",¹ãÆ,प्,derived,193,21,1.0
fam-02-apscdvpriyan,LEGACY_8BIT,"APS-C-DV-Priyanka, APS-C-DV-Priyanka,Bold, APS-C-DV-Priyanka-Normal, APS-C-DV-Prakash",ã.,रा,derived,193,21,1.0
fam-02-apscdvpriyan,LEGACY_8BIT,"APS-C-DV-Priyanka, APS-C-DV-Priyanka,Bold, APS-C-DV-Priyanka-Normal, APS-C-DV-Prakash",ºã,ब,derived,187,15,1.0
fam-02-apscdvpriyan,LEGACY_8BIT,"APS-C-DV-Priyanka, APS-C-DV-Priyanka,Bold, APS-C-DV-Priyanka-Normal, APS-C-DV-Prakash",¹,प,derived,145,24,1.0
fam-02-apscdvpriyan,LEGACY_8BIT,"APS-C-DV-Priyanka, APS-C-DV-Priyanka,Bold, APS-C-DV-Priyanka-Normal, APS-C-DV-Prakash",ãÆ,्र,derived,143,23,1.0
fam-02-apscdvpriyan,LEGACY_8BIT,"APS-C-DV-Priyanka, APS-C-DV-Priyanka,Bold, APS-C-DV-Priyanka-Normal, APS-C-DV-Prakash",¼ã,भ,derived,139,26,1.0
fam-02-apscdvpriyan,LEGACY_8BIT,"APS-C-DV-Priyanka, APS-C-DV-Priyanka,Bold, APS-C-DV-Priyanka-Normal, APS-C-DV-Prakash",•ã,ज,derived,139,10,1.0
fam-02-apscdvpriyan,LEGACY_8BIT,"APS-C-DV-Priyanka, APS-C-DV-Priyanka,Bold, APS-C-DV-Priyanka-Normal, APS-C-DV-Prakash",ãñ,ो,derived,122,11,1.0
fam-02-apscdvpriyan,LEGACY_8BIT,"APS-C-DV-Priyanka, APS-C-DV-Priyanka,Bold, APS-C-DV-Priyanka-Normal, APS-C-DV-Prakash",ãã,या,derived,102,12,1.0
fam-02-apscdvpriyan,LEGACY_8BIT,"APS-C-DV-Priyanka, APS-C-DV-Priyanka,Bold, APS-C-DV-Priyanka-Normal, APS-C-DV-Prakash",‡,क,derived,97,22,1.0
fam-02-apscdvpriyan,LEGACY_8BIT,"APS-C-DV-Priyanka, APS-C-DV-Priyanka,Bold, APS-C-DV-Priyanka-Normal, APS-C-DV-Prakash",¦,त्,derived,80,21,1.0
fam-02-apscdvpriyan,LEGACY_8BIT,"APS-C-DV-Priyanka, APS-C-DV-Priyanka,Bold, APS-C-DV-Priyanka-Normal, APS-C-DV-Prakash",Ë,ल,derived,78,13,1.0
fam-02-apscdvpriyan,LEGACY_8BIT,"APS-C-DV-Priyanka, APS-C-DV-Priyanka,Bold, APS-C-DV-Priyanka-Normal, APS-C-DV-Prakash",ñ.,े,derived,58,9,1.0
fam-02-apscdvpriyan,LEGACY_8BIT,"APS-C-DV-Priyanka, APS-C-DV-Priyanka,Bold, APS-C-DV-Priyanka-Normal, APS-C-DV-Prakash",Àã,र,derived,55,16,1.0
fam-02-apscdvpriyan,LEGACY_8BIT,"APS-C-DV-Priyanka, APS-C-DV-Priyanka,Bold, APS-C-DV-Priyanka-Normal, APS-C-DV-Prakash",ãŠã,ार,derived,55,19,1.0
fam-02-apscdvpriyan,LEGACY_8BIT,"APS-C-DV-Priyanka, APS-C-DV-Priyanka,Bold, APS-C-DV-Priyanka-Normal, APS-C-DV-Prakash",‚ãã,आ,derived,55,11,1.0
fam-02-apscdvpriyan,LEGACY_8BIT,"APS-C-DV-Priyanka, APS-C-DV-Priyanka,Bold, APS-C-DV-Priyanka-Normal, APS-C-DV-Prakash",Óã,ष,derived,54,5,1.0
fam-02-apscdvpriyan,LEGACY_8BIT,"APS-C-DV-Priyanka, APS-C-DV-Priyanka,Bold, APS-C-DV-Priyanka-Normal, APS-C-DV-Prakash",è/,ी,derived,52,13,1.0
fam-02-apscdvpriyan,LEGACY_8BIT,"APS-C-DV-Priyanka, APS-C-DV-Priyanka,Bold, APS-C-DV-Priyanka-Normal, APS-C-DV-Prakash",ãèË,ील,derived,51,7,1.0
fam-02-apscdvpriyan,LEGACY_8BIT,"APS-C-DV-Priyanka, APS-C-DV-Priyanka,Bold, APS-C-DV-Priyanka-Normal, APS-C-DV-Prakash",Þ¾,च्,derived,50,7,1.0
fam-02-apscdvpriyan,LEGACY_8BIT,"APS-C-DV-Priyanka, APS-C-DV-Priyanka,Bold, APS-C-DV-Priyanka-Normal, APS-C-DV-Prakash",Ÿ,ठ,derived,41,8,1.0
fam-02-apscdvpriyan,LEGACY_8BIT,"APS-C-DV-Priyanka, APS-C-DV-Priyanka,Bold, APS-C-DV-Priyanka-Normal, APS-C-DV-Prakash",‡ã,क,derived,39,7,1.0
fam-02-apscdvpriyan,LEGACY_8BIT,"APS-C-DV-Priyanka, APS-C-DV-Priyanka,Bold, APS-C-DV-Priyanka-Normal, APS-C-DV-Prakash",¾ãÃ,्य,derived,37,17,1.0
fam-02-apscdvpriyan,LEGACY_8BIT,"APS-C-DV-Priyanka, APS-C-DV-Priyanka,Bold, APS-C-DV-Priyanka-Normal, APS-C-DV-Prakash",/¹ã,प्,derived,35,15,1.0
fam-02-apscdvpriyan,LEGACY_8BIT,"APS-C-DV-Priyanka, APS-C-DV-Priyanka,Bold, APS-C-DV-Priyanka-Normal, APS-C-DV-Prakash",Æã.,रा,derived,35,15,1.0
fam-02-apscdvpriyan,LEGACY_8BIT,"APS-C-DV-Priyanka, APS-C-DV-Priyanka,Bold, APS-C-DV-Priyanka-Normal, APS-C-DV-Prakash",ƒ,इ,derived,34,6,1.0
fam-02-apscdvpriyan,LEGACY_8BIT,"APS-C-DV-Priyanka, APS-C-DV-Priyanka,Bold, APS-C-DV-Priyanka-Normal, APS-C-DV-Prakash",„,उ,derived,33,16,1.0
fam-02-apscdvpriyan,LEGACY_8BIT,"APS-C-DV-Priyanka, APS-C-DV-Priyanka,Bold, APS-C-DV-Priyanka-Normal, APS-C-DV-Prakash",Ëã,ला,derived,31,7,1.0
fam-02-apscdvpriyan,LEGACY_8BIT,"APS-C-DV-Priyanka, APS-C-DV-Priyanka,Bold, APS-C-DV-Priyanka-Normal, APS-C-DV-Prakash",Ëñ,ले,derived,31,6,1.0
fam-02-apscdvpriyan,LEGACY_8BIT,"APS-C-DV-Priyanka, APS-C-DV-Priyanka,Bold, APS-C-DV-Priyanka-Normal, APS-C-DV-Prakash",›,ट,derived,29,7,1.0
fam-02-apscdvpriyan,LEGACY_8BIT,"APS-C-DV-Priyanka, APS-C-DV-Priyanka,Bold, APS-C-DV-Priyanka-Normal, APS-C-DV-Prakash",¥¾,ण्,derived,28,7,1.0
fam-02-apscdvpriyan,LEGACY_8BIT,"APS-C-DV-Priyanka, APS-C-DV-Priyanka,Bold, APS-C-DV-Priyanka-Normal, APS-C-DV-Prakash",¶,न्,derived,28,5,1.0
fam-02-apscdvpriyan,LEGACY_8BIT,"APS-C-DV-Priyanka, APS-C-DV-Priyanka,Bold, APS-C-DV-Priyanka-Normal, APS-C-DV-Prakash",Œãã,खा,derived,27,6,1.0
fam-02-apscdvpriyan,LEGACY_8BIT,"APS-C-DV-Priyanka, APS-C-DV-Priyanka,Bold, APS-C-DV-Priyanka-Normal, APS-C-DV-Prakash",î¶ã,ून,derived,22,9,1.0
fam-02-apscdvpriyan,LEGACY_8BIT,"APS-C-DV-Priyanka, APS-C-DV-Priyanka,Bold, APS-C-DV-Priyanka-Normal, APS-C-DV-Prakash",¾ãã,्य,derived,21,14,1.0
fam-02-apscdvpriyan,LEGACY_8BIT,"APS-C-DV-Priyanka, APS-C-DV-Priyanka,Bold, APS-C-DV-Priyanka-Normal, APS-C-DV-Prakash",ãä¶,िन,derived,18,12,1.0
fam-02-apscdvpriyan,LEGACY_8BIT,"APS-C-DV-Priyanka, APS-C-DV-Priyanka,Bold, APS-C-DV-Priyanka-Normal, APS-C-DV-Prakash",¥¾ã,्य,derived,17,8,1.0
fam-02-apscdvpriyan,LEGACY_8BIT,"APS-C-DV-Priyanka, APS-C-DV-Priyanka,Bold, APS-C-DV-Priyanka-Normal, APS-C-DV-Prakash",ãŠÀ,रण,derived,17,8,1.0
fam-02-apscdvpriyan,LEGACY_8BIT,"APS-C-DV-Priyanka, APS-C-DV-Priyanka,Bold, APS-C-DV-Priyanka-Normal, APS-C-DV-Prakash",âº,ं,derived,16,8,1.0
fam-02-apscdvpriyan,LEGACY_8BIT,"APS-C-DV-Priyanka, APS-C-DV-Priyanka,Bold, APS-C-DV-Priyanka-Normal, APS-C-DV-Prakash",ãƒÃ,बई,derived,16,8,1.0
fam-02-apscdvpriyan,LEGACY_8BIT,"APS-C-DV-Priyanka, APS-C-DV-Priyanka,Bold, APS-C-DV-Priyanka-Normal, APS-C-DV-Prakash",Á,रु,derived,15,6,1.0
fam-02-apscdvpriyan,LEGACY_8BIT,"APS-C-DV-Priyanka, APS-C-DV-Priyanka,Bold, APS-C-DV-Priyanka-Normal, APS-C-DV-Prakash",ãî,ं,derived,15,15,1.0
fam-02-apscdvpriyan,LEGACY_8BIT,"APS-C-DV-Priyanka, APS-C-DV-Priyanka,Bold, APS-C-DV-Priyanka-Normal, APS-C-DV-Prakash",Š¥ã,डळ,derived,15,15,1.0
fam-02-apscdvpriyan,LEGACY_8BIT,"APS-C-DV-Priyanka, APS-C-DV-Priyanka,Bold, APS-C-DV-Priyanka-Normal, APS-C-DV-Prakash",†‡,म,derived,15,15,1.0
fam-02-apscdvpriyan,LEGACY_8BIT,"APS-C-DV-Priyanka, APS-C-DV-Priyanka,Bold, APS-C-DV-Priyanka-Normal, APS-C-DV-Prakash",‡ã‹,क्,derived,15,7,1.0
fam-02-apscdvpriyan,LEGACY_8BIT,"APS-C-DV-Priyanka, APS-C-DV-Priyanka,Bold, APS-C-DV-Priyanka-Normal, APS-C-DV-Prakash",Íã,श,derived,14,5,1.0
fam-02-apscdvpriyan,LEGACY_8BIT,"APS-C-DV-Priyanka, APS-C-DV-Priyanka,Bold, APS-C-DV-Priyanka-Normal, APS-C-DV-Prakash",Üã,घ,derived,14,5,1.0
fam-02-apscdvpriyan,LEGACY_8BIT,"APS-C-DV-Priyanka, APS-C-DV-Priyanka,Bold, APS-C-DV-Priyanka-Normal, APS-C-DV-Prakash",ãÃ,्व,derived,14,5,1.0
fam-02-apscdvpriyan,LEGACY_8BIT,"APS-C-DV-Priyanka, APS-C-DV-Priyanka,Bold, APS-C-DV-Priyanka-Normal, APS-C-DV-Prakash",ÃË,ाल,derived,13,8,1.0
fam-02-apscdvpriyan,LEGACY_8BIT,"APS-C-DV-Priyanka, APS-C-DV-Priyanka,Bold, APS-C-DV-Priyanka-Normal, APS-C-DV-Prakash",ãŠ.,्र,derived,13,9,1.0
fam-02-apscdvpriyan,LEGACY_8BIT,"APS-C-DV-Priyanka, APS-C-DV-Priyanka,Bold, APS-C-DV-Priyanka-Normal, APS-C-DV-Prakash",‰,क,derived,13,9,1.0
fam-02-apscdvpriyan,LEGACY_8BIT,"APS-C-DV-Priyanka, APS-C-DV-Priyanka,Bold, APS-C-DV-Priyanka-Normal, APS-C-DV-Prakash",\s,र,derived,12,12,1.0
fam-02-apscdvpriyan,LEGACY_8BIT,"APS-C-DV-Priyanka, APS-C-DV-Priyanka,Bold, APS-C-DV-Priyanka-Normal, APS-C-DV-Prakash",ab,ा,derived,12,12,1.0
fam-02-apscdvpriyan,LEGACY_8BIT,"APS-C-DV-Priyanka, APS-C-DV-Priyanka,Bold, APS-C-DV-Priyanka-Normal, APS-C-DV-Prakash",ca,प,derived,12,12,1.0
fam-02-apscdvpriyan,LEGACY_8BIT,"APS-C-DV-Priyanka, APS-C-DV-Priyanka,Bold, APS-C-DV-Priyanka-Normal, APS-C-DV-Prakash",ct,क,derived,12,12,1.0
fam-02-apscdvpriyan,LEGACY_8BIT,"APS-C-DV-Priyanka, APS-C-DV-Priyanka,Bold, APS-C-DV-Priyanka-Normal, APS-C-DV-Prakash",ht,ण,derived,12,12,1.0
fam-02-apscdvpriyan,LEGACY_8BIT,"APS-C-DV-Priyanka, APS-C-DV-Priyanka,Bold, APS-C-DV-Priyanka-Normal, APS-C-DV-Prakash",ra,ध,derived,12,12,1.0
fam-02-apscdvpriyan,LEGACY_8BIT,"APS-C-DV-Priyanka, APS-C-DV-Priyanka,Bold, APS-C-DV-Priyanka-Normal, APS-C-DV-Prakash",s-,र,derived,12,12,1.0
fam-02-apscdvpriyan,LEGACY_8BIT,"APS-C-DV-Priyanka, APS-C-DV-Priyanka,Bold, APS-C-DV-Priyanka-Normal, APS-C-DV-Prakash",se,्,derived,12,12,1.0
fam-02-apscdvpriyan,LEGACY_8BIT,"APS-C-DV-Priyanka, APS-C-DV-Priyanka,Bold, APS-C-DV-Priyanka-Normal, APS-C-DV-Prakash",st,ि,derived,12,12,1.0
fam-02-apscdvpriyan,LEGACY_8BIT,"APS-C-DV-Priyanka, APS-C-DV-Priyanka,Bold, APS-C-DV-Priyanka-Normal, APS-C-DV-Prakash",Ì,व,derived,12,5,1.0
fam-02-apscdvpriyan,LEGACY_8BIT,"APS-C-DV-Priyanka, APS-C-DV-Priyanka,Bold, APS-C-DV-Priyanka-Normal, APS-C-DV-Prakash",ã¾,य,derived,11,11,1.0
fam-02-apscdvpriyan,LEGACY_8BIT,"APS-C-DV-Priyanka, APS-C-DV-Priyanka,Bold, APS-C-DV-Priyanka-Normal, APS-C-DV-Prakash",Ê¾,ल्,derived,10,5,1.0
fam-02-apscdvpriyan,LEGACY_8BIT,"APS-C-DV-Priyanka, APS-C-DV-Priyanka,Bold, APS-C-DV-Priyanka-Normal, APS-C-DV-Prakash",Ìã¦,ड,derived,10,10,1.0
fam-02-apscdvpriyan,LEGACY_8BIT,"APS-C-DV-Priyanka, APS-C-DV-Priyanka,Bold, APS-C-DV-Priyanka-Normal, APS-C-DV-Prakash",ãÀã,ं,derived,10,10,1.0
fam-02-apscdvpriyan,LEGACY_8BIT,"APS-C-DV-Priyanka, APS-C-DV-Priyanka,Bold, APS-C-DV-Priyanka-Normal, APS-C-DV-Prakash",ãâ¨,ंत,derived,10,10,1.0
fam-02-apscdvpriyan,LEGACY_8BIT,"APS-C-DV-Priyanka, APS-C-DV-Priyanka,Bold, APS-C-DV-Priyanka-Normal, APS-C-DV-Prakash",ããè,ळ,derived,10,10,1.0
fam-02-apscdvpriyan,LEGACY_8BIT,"APS-C-DV-Priyanka, APS-C-DV-Priyanka,Bold, APS-C-DV-Priyanka-Normal, APS-C-DV-Prakash",ãŠ/,रक,derived,10,10,1.0
fam-02-apscdvpriyan,LEGACY_8BIT,"APS-C-DV-Priyanka, APS-C-DV-Priyanka,Bold, APS-C-DV-Priyanka-Normal, APS-C-DV-Prakash",ã‡,्,derived,10,10,1.0
fam-02-apscdvpriyan,LEGACY_8BIT,"APS-C-DV-Priyanka, APS-C-DV-Priyanka,Bold, APS-C-DV-Priyanka-Normal, APS-C-DV-Prakash",‚ã½,म,derived,10,10,1.0
fam-02-apscdvpriyan,LEGACY_8BIT,"APS-C-DV-Priyanka, APS-C-DV-Priyanka,Bold, APS-C-DV-Priyanka-Normal, APS-C-DV-Prakash",.ªì,पर,derived,9,9,1.0
fam-02-apscdvpriyan,LEGACY_8BIT,"APS-C-DV-Priyanka, APS-C-DV-Priyanka,Bold, APS-C-DV-Priyanka-Normal, APS-C-DV-Prakash",.Ìã,्क,derived,9,9,1.0
fam-02-apscdvpriyan,LEGACY_8BIT,"APS-C-DV-Priyanka, APS-C-DV-Priyanka,Bold, APS-C-DV-Priyanka-Normal, APS-C-DV-Prakash",½ãì,जन,derived,9,9,1.0
fam-02-apscdvpriyan,LEGACY_8BIT,"APS-C-DV-Priyanka, APS-C-DV-Priyanka,Bold, APS-C-DV-Priyanka-Normal, APS-C-DV-Prakash",â.ƒ,सं,derived,9,9,1.0
fam-02-apscdvpriyan,LEGACY_8BIT,"APS-C-DV-Priyanka, APS-C-DV-Priyanka,Bold, APS-C-DV-Priyanka-Normal, APS-C-DV-Prakash",ãõ,ौ,derived,9,5,1.0
fam-02-apscdvpriyan,LEGACY_8BIT,"APS-C-DV-Priyanka, APS-C-DV-Priyanka,Bold, APS-C-DV-Priyanka-Normal, APS-C-DV-Prakash",ƒÃË,ईल,derived,9,6,1.0
fam-02-apscdvpriyan,LEGACY_8BIT,"APS-C-DV-Priyanka, APS-C-DV-Priyanka,Bold, APS-C-DV-Priyanka-Normal, APS-C-DV-Prakash",¹ãŠ,फ,derived,8,5,1.0
fam-02-apscdvpriyan,LEGACY_8BIT,"APS-C-DV-Priyanka, APS-C-DV-Priyanka,Bold, APS-C-DV-Priyanka-Normal, APS-C-DV-Prakash",ã¾ã,क,derived,8,7,1.0
fam-02-apscdvpriyan,LEGACY_8BIT,"APS-C-DV-Priyanka, APS-C-DV-Priyanka,Bold, APS-C-DV-Priyanka-Normal, APS-C-DV-Prakash",./,ी,derived,7,7,1.0
fam-02-apscdvpriyan,LEGACY_8BIT,"APS-C-DV-Priyanka, APS-C-DV-Priyanka,Bold, APS-C-DV-Priyanka-Normal, APS-C-DV-Prakash",.ã,ा,derived,7,7,1.0
fam-02-apscdvpriyan,LEGACY_8BIT,"APS-C-DV-Priyanka, APS-C-DV-Priyanka,Bold, APS-C-DV-Priyanka-Normal, APS-C-DV-Prakash",¨ã,्र,derived,7,5,1.0
fam-02-apscdvpriyan,LEGACY_8BIT,"APS-C-DV-Priyanka, APS-C-DV-Priyanka,Bold, APS-C-DV-Priyanka-Normal, APS-C-DV-Prakash",ª.,अ,derived,7,7,1.0
fam-02-apscdvpriyan,LEGACY_8BIT,"APS-C-DV-Priyanka, APS-C-DV-Priyanka,Bold, APS-C-DV-Priyanka-Normal, APS-C-DV-Prakash",Ìã.,ि,derived,7,7,1.0
fam-02-apscdvpriyan,LEGACY_8BIT,"APS-C-DV-Priyanka, APS-C-DV-Priyanka,Bold, APS-C-DV-Priyanka-Normal, APS-C-DV-Prakash",Øãì,धक,derived,7,7,1.0
fam-02-apscdvpriyan,LEGACY_8BIT,"APS-C-DV-Priyanka, APS-C-DV-Priyanka,Bold, APS-C-DV-Priyanka-Normal, APS-C-DV-Prakash",ä¶ã,र,derived,7,7,1.0
fam-02-apscdvpriyan,LEGACY_8BIT,"APS-C-DV-Priyanka, APS-C-DV-Priyanka,Bold, APS-C-DV-Priyanka-Normal, APS-C-DV-Prakash",â¦ã,ार,derived,6,6,1.0
fam-02-apscdvpriyan,LEGACY_8BIT,"APS-C-DV-Priyanka, APS-C-DV-Priyanka,Bold, APS-C-DV-Priyanka-Normal, APS-C-DV-Prakash",ã-,ी,derived,6,6,1.0
fam-02-apscdvpriyan,LEGACY_8BIT,"APS-C-DV-Priyanka, APS-C-DV-Priyanka,Bold, APS-C-DV-Priyanka-Normal, APS-C-DV-Prakash",ã¹ã,पत,derived,6,5,1.0
fam-02-apscdvpriyan,LEGACY_8BIT,"APS-C-DV-Priyanka, APS-C-DV-Priyanka,Bold, APS-C-DV-Priyanka-Normal, APS-C-DV-Prakash",ãä¼,िध,derived,6,6,1.0
fam-02-apscdvpriyan,LEGACY_8BIT,"APS-C-DV-Priyanka, APS-C-DV-Priyanka,Bold, APS-C-DV-Priyanka-Normal, APS-C-DV-Prakash",ÃÊã,ाल,derived,5,5,1.0
fam-03-dvbwttsurekh,LEGACY_8BIT,"DVBW-TTSurekh, DVBW-TTSurekh,Bold, DVBWTTSurekhNormal, DVBWTTSurekhBold",ß,ी,derived,553,21,1.0
fam-03-dvbwttsurekh,LEGACY_8BIT,"DVBW-TTSurekh, DVBW-TTSurekh,Bold, DVBWTTSurekhNormal, DVBWTTSurekhBold",¸ü,र,derived,465,20,1.0
fam-03-dvbwttsurekh,LEGACY_8BIT,"DVBW-TTSurekh, DVBW-TTSurekh,Bold, DVBWTTSurekhNormal, DVBWTTSurekhBold",Ûú,क,derived,384,18,1.0
fam-03-dvbwttsurekh,LEGACY_8BIT,"DVBW-TTSurekh, DVBW-TTSurekh,Bold, DVBWTTSurekhNormal, DVBWTTSurekhBold",ŸÖ,त,derived,287,21,1.0
fam-03-dvbwttsurekh,LEGACY_8BIT,"DVBW-TTSurekh, DVBW-TTSurekh,Bold, DVBWTTSurekhNormal, DVBWTTSurekhBold",Ó,ं,derived,265,21,1.0
fam-03-dvbwttsurekh,LEGACY_8BIT,"DVBW-TTSurekh, DVBW-TTSurekh,Bold, DVBWTTSurekhNormal, DVBWTTSurekhBold",ÖÖ,या,derived,256,21,1.0
fam-03-dvbwttsurekh,LEGACY_8BIT,"DVBW-TTSurekh, DVBW-TTSurekh,Bold, DVBWTTSurekhNormal, DVBWTTSurekhBold",»Ö,ल,derived,251,21,1.0
fam-03-dvbwttsurekh,LEGACY_8BIT,"DVBW-TTSurekh, DVBW-TTSurekh,Bold, DVBWTTSurekhNormal, DVBWTTSurekhBold",ÛúÖ,का,derived,236,18,1.0
fam-03-dvbwttsurekh,LEGACY_8BIT,"DVBW-TTSurekh, DVBW-TTSurekh,Bold, DVBWTTSurekhNormal, DVBWTTSurekhBold",¾Ö,व,derived,235,19,1.0
fam-03-dvbwttsurekh,LEGACY_8BIT,"DVBW-TTSurekh, DVBW-TTSurekh,Bold, DVBWTTSurekhNormal, DVBWTTSurekhBold",×,ि,derived,217,20,1.0
fam-03-dvbwttsurekh,LEGACY_8BIT,"DVBW-TTSurekh, DVBW-TTSurekh,Bold, DVBWTTSurekhNormal, DVBWTTSurekhBold",†,अ,derived,202,19,1.0
fam-03-dvbwttsurekh,LEGACY_8BIT,"DVBW-TTSurekh, DVBW-TTSurekh,Bold, DVBWTTSurekhNormal, DVBWTTSurekhBold",´Ö,म,derived,201,21,1.0
fam-03-dvbwttsurekh,LEGACY_8BIT,"DVBW-TTSurekh, DVBW-TTSurekh,Bold, DVBWTTSurekhNormal, DVBWTTSurekhBold",®Ö,न,derived,195,18,1.0
fam-03-dvbwttsurekh,LEGACY_8BIT,"DVBW-TTSurekh, DVBW-TTSurekh,Bold, DVBWTTSurekhNormal, DVBWTTSurekhBold",ŸÖÖ,ता,derived,172,19,1.0
fam-03-dvbwttsurekh,LEGACY_8BIT,"DVBW-TTSurekh, DVBW-TTSurekh,Bold, DVBWTTSurekhNormal, DVBWTTSurekhBold",¯,प,derived,171,19,1.0
fam-03-dvbwttsurekh,LEGACY_8BIT,"DVBW-TTSurekh, DVBW-TTSurekh,Bold, DVBWTTSurekhNormal, DVBWTTSurekhBold",ÞÖ,ण,derived,169,18,1.0
fam-03-dvbwttsurekh,LEGACY_8BIT,"DVBW-TTSurekh, DVBW-TTSurekh,Bold, DVBWTTSurekhNormal, DVBWTTSurekhBold",´ÖÖ,मा,derived,165,19,1.0
fam-03-dvbwttsurekh,LEGACY_8BIT,"DVBW-TTSurekh, DVBW-TTSurekh,Bold, DVBWTTSurekhNormal, DVBWTTSurekhBold",×¾Ö,िव,derived,151,18,1.0
fam-03-dvbwttsurekh,LEGACY_8BIT,"DVBW-TTSurekh, DVBW-TTSurekh,Bold, DVBWTTSurekhNormal, DVBWTTSurekhBold",¿Ö,श,derived,138,16,1.0
fam-03-dvbwttsurekh,LEGACY_8BIT,"DVBW-TTSurekh, DVBW-TTSurekh,Bold, DVBWTTSurekhNormal, DVBWTTSurekhBold",ÃÖ,स,derived,136,21,1.0
fam-03-dvbwttsurekh,LEGACY_8BIT,"DVBW-TTSurekh, DVBW-TTSurekh,Bold, DVBWTTSurekhNormal, DVBWTTSurekhBold",µÖÖ,या,derived,133,18,1.0
fam-03-dvbwttsurekh,LEGACY_8BIT,"DVBW-TTSurekh, DVBW-TTSurekh,Bold, DVBWTTSurekhNormal, DVBWTTSurekhBold",³Ö,भ,derived,130,20,1.0
fam-03-dvbwttsurekh,LEGACY_8BIT,"DVBW-TTSurekh, DVBW-TTSurekh,Bold, DVBWTTSurekhNormal, DVBWTTSurekhBold",ÖÏ,्र,derived,129,18,1.0
fam-03-dvbwttsurekh,LEGACY_8BIT,"DVBW-TTSurekh, DVBW-TTSurekh,Bold, DVBWTTSurekhNormal, DVBWTTSurekhBold",¯Ö,प,derived,120,16,1.0
fam-03-dvbwttsurekh,LEGACY_8BIT,"DVBW-TTSurekh, DVBW-TTSurekh,Bold, DVBWTTSurekhNormal, DVBWTTSurekhBold",ŸÖß,ती,derived,120,17,1.0
fam-03-dvbwttsurekh,LEGACY_8BIT,"DVBW-TTSurekh, DVBW-TTSurekh,Bold, DVBWTTSurekhNormal, DVBWTTSurekhBold",¸üÖ,रा,derived,115,17,1.0
fam-03-dvbwttsurekh,LEGACY_8BIT,"DVBW-TTSurekh, DVBW-TTSurekh,Bold, DVBWTTSurekhNormal, DVBWTTSurekhBold",†Ö,आ,derived,108,18,1.0
fam-03-dvbwttsurekh,LEGACY_8BIT,"DVBW-TTSurekh, DVBW-TTSurekh,Bold, DVBWTTSurekhNormal, DVBWTTSurekhBold",Öê,ो,derived,106,21,1.0
fam-03-dvbwttsurekh,LEGACY_8BIT,"DVBW-TTSurekh, DVBW-TTSurekh,Bold, DVBWTTSurekhNormal, DVBWTTSurekhBold",®ÖÖ,ना,derived,105,18,1.0
fam-03-dvbwttsurekh,LEGACY_8BIT,"DVBW-TTSurekh, DVBW-TTSurekh,Bold, DVBWTTSurekhNormal, DVBWTTSurekhBold",¾ÖÖ,वा,derived,105,18,1.0
fam-03-dvbwttsurekh,LEGACY_8BIT,"DVBW-TTSurekh, DVBW-TTSurekh,Bold, DVBWTTSurekhNormal, DVBWTTSurekhBold",ôû,ळ,derived,105,18,1.0
fam-03-dvbwttsurekh,LEGACY_8BIT,"DVBW-TTSurekh, DVBW-TTSurekh,Bold, DVBWTTSurekhNormal, DVBWTTSurekhBold",»Öê,ले,derived,101,16,1.0
fam-03-dvbwttsurekh,LEGACY_8BIT,"DVBW-TTSurekh, DVBW-TTSurekh,Bold, DVBWTTSurekhNormal, DVBWTTSurekhBold",¤ü,द,derived,97,17,1.0
fam-03-dvbwttsurekh,LEGACY_8BIT,"DVBW-TTSurekh, DVBW-TTSurekh,Bold, DVBWTTSurekhNormal, DVBWTTSurekhBold",“Öß,ची,derived,95,19,1.0
fam-03-dvbwttsurekh,LEGACY_8BIT,"DVBW-TTSurekh, DVBW-TTSurekh,Bold, DVBWTTSurekhNormal, DVBWTTSurekhBold",ÃÖÖ,सा,derived,94,17,1.0
fam-03-dvbwttsurekh,LEGACY_8BIT,"DVBW-TTSurekh, DVBW-TTSurekh,Bold, DVBWTTSurekhNormal, DVBWTTSurekhBold",Æü,ह,derived,89,15,1.0
fam-03-dvbwttsurekh,LEGACY_8BIT,"DVBW-TTSurekh, DVBW-TTSurekh,Bold, DVBWTTSurekhNormal, DVBWTTSurekhBold",ÃÖÓ,सं,derived,87,15,1.0
fam-03-dvbwttsurekh,LEGACY_8BIT,"DVBW-TTSurekh, DVBW-TTSurekh,Bold, DVBWTTSurekhNormal, DVBWTTSurekhBold",ÖÃÖ,ास,derived,77,12,1.0
fam-03-dvbwttsurekh,LEGACY_8BIT,"DVBW-TTSurekh, DVBW-TTSurekh,Bold, DVBWTTSurekhNormal, DVBWTTSurekhBold",Þµ,ण्,derived,74,17,1.0
fam-03-dvbwttsurekh,LEGACY_8BIT,"DVBW-TTSurekh, DVBW-TTSurekh,Bold, DVBWTTSurekhNormal, DVBWTTSurekhBold",›ü,ड,derived,74,17,1.0
fam-03-dvbwttsurekh,LEGACY_8BIT,"DVBW-TTSurekh, DVBW-TTSurekh,Bold, DVBWTTSurekhNormal, DVBWTTSurekhBold",²Ö,ब,derived,73,16,1.0
fam-03-dvbwttsurekh,LEGACY_8BIT,"DVBW-TTSurekh, DVBW-TTSurekh,Bold, DVBWTTSurekhNormal, DVBWTTSurekhBold",×¬Ö,िध,derived,70,18,1.0
fam-03-dvbwttsurekh,LEGACY_8BIT,"DVBW-TTSurekh, DVBW-TTSurekh,Bold, DVBWTTSurekhNormal, DVBWTTSurekhBold",šü,ठ,derived,64,17,1.0
fam-03-dvbwttsurekh,LEGACY_8BIT,"DVBW-TTSurekh, DVBW-TTSurekh,Bold, DVBWTTSurekhNormal, DVBWTTSurekhBold",µÖ,य,derived,61,14,0.7625
fam-03-dvbwttsurekh,LEGACY_8BIT,"DVBW-TTSurekh, DVBW-TTSurekh,Bold, DVBWTTSurekhNormal, DVBWTTSurekhBold",¯ÖÖ,पा,derived,60,13,1.0
fam-03-dvbwttsurekh,LEGACY_8BIT,"DVBW-TTSurekh, DVBW-TTSurekh,Bold, DVBWTTSurekhNormal, DVBWTTSurekhBold",»ÖÖ,ला,derived,60,16,1.0
fam-03-dvbwttsurekh,LEGACY_8BIT,"DVBW-TTSurekh, DVBW-TTSurekh,Bold, DVBWTTSurekhNormal, DVBWTTSurekhBold",µÖÓ,यं,derived,59,10,1.0
fam-03-dvbwttsurekh,LEGACY_8BIT,"DVBW-TTSurekh, DVBW-TTSurekh,Bold, DVBWTTSurekhNormal, DVBWTTSurekhBold",Ûêú,के,derived,59,14,1.0
fam-03-dvbwttsurekh,LEGACY_8BIT,"DVBW-TTSurekh, DVBW-TTSurekh,Bold, DVBWTTSurekhNormal, DVBWTTSurekhBold",Â,ष्,derived,58,15,1.0
fam-03-dvbwttsurekh,LEGACY_8BIT,"DVBW-TTSurekh, DVBW-TTSurekh,Bold, DVBWTTSurekhNormal, DVBWTTSurekhBold",Û,क,derived,58,15,1.0
fam-03-dvbwttsurekh,LEGACY_8BIT,"DVBW-TTSurekh, DVBW-TTSurekh,Bold, DVBWTTSurekhNormal, DVBWTTSurekhBold",“Öê,चे,derived,58,13,1.0
fam-03-dvbwttsurekh,LEGACY_8BIT,"DVBW-TTSurekh, DVBW-TTSurekh,Bold, DVBWTTSurekhNormal, DVBWTTSurekhBold",×Æü,िह,derived,57,13,1.0
fam-03-dvbwttsurekh,LEGACY_8BIT,"DVBW-TTSurekh, DVBW-TTSurekh,Bold, DVBWTTSurekhNormal, DVBWTTSurekhBold",²ÖÖ,बा,derived,56,13,1.0
fam-03-dvbwttsurekh,LEGACY_8BIT,"DVBW-TTSurekh, DVBW-TTSurekh,Bold, DVBWTTSurekhNormal, DVBWTTSurekhBold",ÆüÖ,हा,derived,56,16,1.0
fam-03-dvbwttsurekh,LEGACY_8BIT,"DVBW-TTSurekh, DVBW-TTSurekh,Bold, DVBWTTSurekhNormal, DVBWTTSurekhBold",µÖê,ये,derived,55,14,1.0
fam-03-dvbwttsurekh,LEGACY_8BIT,"DVBW-TTSurekh, DVBW-TTSurekh,Bold, DVBWTTSurekhNormal, DVBWTTSurekhBold",Ã,स,derived,54,16,1.0
fam-03-dvbwttsurekh,LEGACY_8BIT,"DVBW-TTSurekh, DVBW-TTSurekh,Bold, DVBWTTSurekhNormal, DVBWTTSurekhBold",“µ,च्,derived,54,14,1.0
fam-03-dvbwttsurekh,LEGACY_8BIT,"DVBW-TTSurekh, DVBW-TTSurekh,Bold, DVBWTTSurekhNormal, DVBWTTSurekhBold",•Ö,ज,derived,53,14,1.0
fam-03-dvbwttsurekh,LEGACY_8BIT,"DVBW-TTSurekh, DVBW-TTSurekh,Bold, DVBWTTSurekhNormal, DVBWTTSurekhBold",×®Ö,िन,derived,51,12,1.0
fam-03-dvbwttsurekh,LEGACY_8BIT,"DVBW-TTSurekh, DVBW-TTSurekh,Bold, DVBWTTSurekhNormal, DVBWTTSurekhBold",¾,व,derived,50,15,1.0
fam-03-dvbwttsurekh,LEGACY_8BIT,"DVBW-TTSurekh, DVBW-TTSurekh,Bold, DVBWTTSurekhNormal, DVBWTTSurekhBold",ê,े,derived,50,16,1.0
fam-03-dvbwttsurekh,LEGACY_8BIT,"DVBW-TTSurekh, DVBW-TTSurekh,Bold, DVBWTTSurekhNormal, DVBWTTSurekhBold",Æ,ह,derived,49,16,1.0
fam-03-dvbwttsurekh,LEGACY_8BIT,"DVBW-TTSurekh, DVBW-TTSurekh,Bold, DVBWTTSurekhNormal, DVBWTTSurekhBold",Îú,्र,derived,48,15,1.0
fam-03-dvbwttsurekh,LEGACY_8BIT,"DVBW-TTSurekh, DVBW-TTSurekh,Bold, DVBWTTSurekhNormal, DVBWTTSurekhBold",‡Ô,ई,derived,46,16,1.0
fam-03-dvbwttsurekh,LEGACY_8BIT,"DVBW-TTSurekh, DVBW-TTSurekh,Bold, DVBWTTSurekhNormal, DVBWTTSurekhBold",¤üÖ,दा,derived,45,15,1.0
fam-03-dvbwttsurekh,LEGACY_8BIT,"DVBW-TTSurekh, DVBW-TTSurekh,Bold, DVBWTTSurekhNormal, DVBWTTSurekhBold",¬Ö,ध,derived,45,15,1.0
fam-03-dvbwttsurekh,LEGACY_8BIT,"DVBW-TTSurekh, DVBW-TTSurekh,Bold, DVBWTTSurekhNormal, DVBWTTSurekhBold",Ó¬Ö,ंध,derived,45,13,1.0
fam-03-dvbwttsurekh,LEGACY_8BIT,"DVBW-TTSurekh, DVBW-TTSurekh,Bold, DVBWTTSurekhNormal, DVBWTTSurekhBold",™ü,ट,derived,43,14,1.0
fam-03-dvbwttsurekh,LEGACY_8BIT,"DVBW-TTSurekh, DVBW-TTSurekh,Bold, DVBWTTSurekhNormal, DVBWTTSurekhBold",Ö´Ö,र्,derived,42,15,1.0
fam-03-dvbwttsurekh,LEGACY_8BIT,"DVBW-TTSurekh, DVBW-TTSurekh,Bold, DVBWTTSurekhNormal, DVBWTTSurekhBold",ÝÖé,गृ,derived,42,15,1.0
fam-03-dvbwttsurekh,LEGACY_8BIT,"DVBW-TTSurekh, DVBW-TTSurekh,Bold, DVBWTTSurekhNormal, DVBWTTSurekhBold",ÔÞÖ,ाण,derived,41,15,1.0
fam-03-dvbwttsurekh,LEGACY_8BIT,"DVBW-TTSurekh, DVBW-TTSurekh,Bold, DVBWTTSurekhNormal, DVBWTTSurekhBold",ê¤ü,ेद,derived,40,10,1.0
fam-03-dvbwttsurekh,LEGACY_8BIT,"DVBW-TTSurekh, DVBW-TTSurekh,Bold, DVBWTTSurekhNormal, DVBWTTSurekhBold",¤ü¯,पत,derived,39,9,1.0
fam-03-dvbwttsurekh,LEGACY_8BIT,"DVBW-TTSurekh, DVBW-TTSurekh,Bold, DVBWTTSurekhNormal, DVBWTTSurekhBold",¬ÖÖ,धा,derived,39,10,1.0
fam-03-dvbwttsurekh,LEGACY_8BIT,"DVBW-TTSurekh, DVBW-TTSurekh,Bold, DVBWTTSurekhNormal, DVBWTTSurekhBold",Ö¡Ö,्र,derived,39,9,1.0
fam-03-dvbwttsurekh,LEGACY_8BIT,"DVBW-TTSurekh, DVBW-TTSurekh,Bold, DVBWTTSurekhNormal, DVBWTTSurekhBold",£Ö,्थ,derived,38,14,0.9743589743589743
fam-03-dvbwttsurekh,LEGACY_8BIT,"DVBW-TTSurekh, DVBW-TTSurekh,Bold, DVBWTTSurekhNormal, DVBWTTSurekhBold",µ,र,derived,38,8,1.0
fam-03-dvbwttsurekh,LEGACY_8BIT,"DVBW-TTSurekh, DVBW-TTSurekh,Bold, DVBWTTSurekhNormal, DVBWTTSurekhBold",Æêü,हे,derived,38,14,1.0
fam-03-dvbwttsurekh,LEGACY_8BIT,"DVBW-TTSurekh, DVBW-TTSurekh,Bold, DVBWTTSurekhNormal, DVBWTTSurekhBold",ÖÖÔ,्य,derived,38,8,0.59375
fam-03-dvbwttsurekh,LEGACY_8BIT,"DVBW-TTSurekh, DVBW-TTSurekh,Bold, DVBWTTSurekhNormal, DVBWTTSurekhBold",×¤ü,िद,derived,38,13,1.0
fam-03-dvbwttsurekh,LEGACY_8BIT,"DVBW-TTSurekh, DVBW-TTSurekh,Bold, DVBWTTSurekhNormal, DVBWTTSurekhBold",ü×®,िन,derived,37,15,1.0
fam-03-dvbwttsurekh,LEGACY_8BIT,"DVBW-TTSurekh, DVBW-TTSurekh,Bold, DVBWTTSurekhNormal, DVBWTTSurekhBold",Öß,ी,derived,36,14,0.9230769230769231
fam-03-dvbwttsurekh,LEGACY_8BIT,"DVBW-TTSurekh, DVBW-TTSurekh,Bold, DVBWTTSurekhNormal, DVBWTTSurekhBold",ÃÖæ,सू,derived,35,11,1.0
fam-03-dvbwttsurekh,LEGACY_8BIT,"DVBW-TTSurekh, DVBW-TTSurekh,Bold, DVBWTTSurekhNormal, DVBWTTSurekhBold",®Öã,नु,derived,32,11,0.9142857142857143
fam-03-dvbwttsurekh,LEGACY_8BIT,"DVBW-TTSurekh, DVBW-TTSurekh,Bold, DVBWTTSurekhNormal, DVBWTTSurekhBold",»µ,ल्,derived,32,12,1.0
fam-03-dvbwttsurekh,LEGACY_8BIT,"DVBW-TTSurekh, DVBW-TTSurekh,Bold, DVBWTTSurekhNormal, DVBWTTSurekhBold",Òü,्र,derived,32,14,1.0
fam-03-dvbwttsurekh,LEGACY_8BIT,"DVBW-TTSurekh, DVBW-TTSurekh,Bold, DVBWTTSurekhNormal, DVBWTTSurekhBold",ÞÖÖ,णा,derived,32,10,1.0
fam-03-dvbwttsurekh,LEGACY_8BIT,"DVBW-TTSurekh, DVBW-TTSurekh,Bold, DVBWTTSurekhNormal, DVBWTTSurekhBold",ÞÖê,णे,derived,32,11,1.0
fam-03-dvbwttsurekh,LEGACY_8BIT,"DVBW-TTSurekh, DVBW-TTSurekh,Bold, DVBWTTSurekhNormal, DVBWTTSurekhBold",ê.,े,derived,32,12,1.0
fam-03-dvbwttsurekh,LEGACY_8BIT,"DVBW-TTSurekh, DVBW-TTSurekh,Bold, DVBWTTSurekhNormal, DVBWTTSurekhBold",Ÿµ,त्,derived,32,12,1.0
fam-03-dvbwttsurekh,LEGACY_8BIT,"DVBW-TTSurekh, DVBW-TTSurekh,Bold, DVBWTTSurekhNormal, DVBWTTSurekhBold",“ÖÖ,चा,derived,32,11,1.0
fam-03-dvbwttsurekh,LEGACY_8BIT,"DVBW-TTSurekh, DVBW-TTSurekh,Bold, DVBWTTSurekhNormal, DVBWTTSurekhBold",„Ö,ज,derived,32,8,1.0
fam-03-dvbwttsurekh,LEGACY_8BIT,"DVBW-TTSurekh, DVBW-TTSurekh,Bold, DVBWTTSurekhNormal, DVBWTTSurekhBold",®Öê,ने,derived,31,5,1.0
fam-03-dvbwttsurekh,LEGACY_8BIT,"DVBW-TTSurekh, DVBW-TTSurekh,Bold, DVBWTTSurekhNormal, DVBWTTSurekhBold",´Öã,मु,derived,31,10,1.0
fam-03-dvbwttsurekh,LEGACY_8BIT,"DVBW-TTSurekh, DVBW-TTSurekh,Bold, DVBWTTSurekhNormal, DVBWTTSurekhBold",ôûÖ,ळा,derived,31,14,1.0
fam-03-dvbwttsurekh,LEGACY_8BIT,"DVBW-TTSurekh, DVBW-TTSurekh,Bold, DVBWTTSurekhNormal, DVBWTTSurekhBold",•´Ö,उम,derived,31,8,1.0
fam-03-dvbwttsurekh,LEGACY_8BIT,"DVBW-TTSurekh, DVBW-TTSurekh,Bold, DVBWTTSurekhNormal, DVBWTTSurekhBold",•¯Ö,उप,derived,30,8,1.0
fam-03-dvbwttsurekh,LEGACY_8BIT,"DVBW-TTSurekh, DVBW-TTSurekh,Bold, DVBWTTSurekhNormal, DVBWTTSurekhBold",¾Öê,वे,derived,29,11,1.0
fam-03-dvbwttsurekh,LEGACY_8BIT,"DVBW-TTSurekh, DVBW-TTSurekh,Bold, DVBWTTSurekhNormal, DVBWTTSurekhBold",™,ट,derived,29,13,1.0
fam-03-dvbwttsurekh,LEGACY_8BIT,"DVBW-TTSurekh, DVBW-TTSurekh,Bold, DVBWTTSurekhNormal, DVBWTTSurekhBold",¡Ö,्र,derived,28,12,1.0
fam-03-dvbwttsurekh,LEGACY_8BIT,"DVBW-TTSurekh, DVBW-TTSurekh,Bold, DVBWTTSurekhNormal, DVBWTTSurekhBold",ÃÖê,से,derived,28,14,1.0
fam-03-dvbwttsurekh,LEGACY_8BIT,"DVBW-TTSurekh, DVBW-TTSurekh,Bold, DVBWTTSurekhNormal, DVBWTTSurekhBold",ÖÝ,र्,derived,28,11,1.0
fam-03-dvbwttsurekh,LEGACY_8BIT,"DVBW-TTSurekh, DVBW-TTSurekh,Bold, DVBWTTSurekhNormal, DVBWTTSurekhBold",üÖ,डा,derived,28,12,1.0
fam-03-dvbwttsurekh,LEGACY_8BIT,"DVBW-TTSurekh, DVBW-TTSurekh,Bold, DVBWTTSurekhNormal, DVBWTTSurekhBold",üÖ›,हा,derived,28,12,1.0
fam-03-dvbwttsurekh,LEGACY_8BIT,"DVBW-TTSurekh, DVBW-TTSurekh,Bold, DVBWTTSurekhNormal, DVBWTTSurekhBold",»Öµ,ाल,derived,27,7,1.0
fam-03-dvbwttsurekh,LEGACY_8BIT,"DVBW-TTSurekh, DVBW-TTSurekh,Bold, DVBWTTSurekhNormal, DVBWTTSurekhBold",ú.,र,derived,26,7,1.0
fam-03-dvbwttsurekh,LEGACY_8BIT,"DVBW-TTSurekh, DVBW-TTSurekh,Bold, DVBWTTSurekhNormal, DVBWTTSurekhBold",ÜÖ,ख,derived,25,9,1.0
fam-03-dvbwttsurekh,LEGACY_8BIT,"DVBW-TTSurekh, DVBW-TTSurekh,Bold, DVBWTTSurekhNormal, DVBWTTSurekhBold",ÝÖÖ,गा,derived,25,7,1.0
fam-03-dvbwttsurekh,LEGACY_8BIT,"DVBW-TTSurekh, DVBW-TTSurekh,Bold, DVBWTTSurekhNormal, DVBWTTSurekhBold",´Æ,म्,derived,24,12,1.0
fam-03-dvbwttsurekh,LEGACY_8BIT,"DVBW-TTSurekh, DVBW-TTSurekh,Bold, DVBWTTSurekhNormal, DVBWTTSurekhBold",¹ý,रु,derived,24,5,1.0
fam-03-dvbwttsurekh,LEGACY_8BIT,"DVBW-TTSurekh, DVBW-TTSurekh,Bold, DVBWTTSurekhNormal, DVBWTTSurekhBold",ú,क,derived,24,10,1.0
fam-03-dvbwttsurekh,LEGACY_8BIT,"DVBW-TTSurekh, DVBW-TTSurekh,Bold, DVBWTTSurekhNormal, DVBWTTSurekhBold",¤êü,दे,derived,23,7,1.0
fam-03-dvbwttsurekh,LEGACY_8BIT,"DVBW-TTSurekh, DVBW-TTSurekh,Bold, DVBWTTSurekhNormal, DVBWTTSurekhBold",³ÖÖ,भा,derived,23,9,0.9583333333333334
fam-03-dvbwttsurekh,LEGACY_8BIT,"DVBW-TTSurekh, DVBW-TTSurekh,Bold, DVBWTTSurekhNormal, DVBWTTSurekhBold",µÖÛ,य,derived,22,6,1.0
fam-03-dvbwttsurekh,LEGACY_8BIT,"DVBW-TTSurekh, DVBW-TTSurekh,Bold, DVBWTTSurekhNormal, DVBWTTSurekhBold",ÃÖã,सु,derived,22,10,1.0
fam-03-dvbwttsurekh,LEGACY_8BIT,"DVBW-TTSurekh, DVBW-TTSurekh,Bold, DVBWTTSurekhNormal, DVBWTTSurekhBold",ÛÎ,्,derived,22,6,1.0
fam-03-dvbwttsurekh,LEGACY_8BIT,"DVBW-TTSurekh, DVBW-TTSurekh,Bold, DVBWTTSurekhNormal, DVBWTTSurekhBold",†.,क,derived,22,6,1.0
fam-03-dvbwttsurekh,LEGACY_8BIT,"DVBW-TTSurekh, DVBW-TTSurekh,Bold, DVBWTTSurekhNormal, DVBWTTSurekhBold",“Ö,च,derived,21,14,0.65625
fam-03-dvbwttsurekh,LEGACY_8BIT,"DVBW-TTSurekh, DVBW-TTSurekh,Bold, DVBWTTSurekhNormal, DVBWTTSurekhBold",ŸÖê,ते,derived,20,8,1.0
fam-03-dvbwttsurekh,LEGACY_8BIT,"DVBW-TTSurekh, DVBW-TTSurekh,Bold, DVBWTTSurekhNormal, DVBWTTSurekhBold",†Öò,ऑ,derived,18,9,1.0
fam-03-dvbwttsurekh,LEGACY_8BIT,"DVBW-TTSurekh, DVBW-TTSurekh,Bold, DVBWTTSurekhNormal, DVBWTTSurekhBold",¤ãü,दु,derived,17,6,1.0
fam-03-dvbwttsurekh,LEGACY_8BIT,"DVBW-TTSurekh, DVBW-TTSurekh,Bold, DVBWTTSurekhNormal, DVBWTTSurekhBold",´,म,derived,17,5,1.0
fam-03-dvbwttsurekh,LEGACY_8BIT,"DVBW-TTSurekh, DVBW-TTSurekh,Bold, DVBWTTSurekhNormal, DVBWTTSurekhBold","Ö,",ा,derived,17,9,0.8947368421052632
fam-03-dvbwttsurekh,LEGACY_8BIT,"DVBW-TTSurekh, DVBW-TTSurekh,Bold, DVBWTTSurekhNormal, DVBWTTSurekhBold",ÜÖÖ,खा,derived,17,9,1.0
fam-03-dvbwttsurekh,LEGACY_8BIT,"DVBW-TTSurekh, DVBW-TTSurekh,Bold, DVBWTTSurekhNormal, DVBWTTSurekhBold",ú¸ü,कर,derived,16,5,1.0
fam-03-dvbwttsurekh,LEGACY_8BIT,"DVBW-TTSurekh, DVBW-TTSurekh,Bold, DVBWTTSurekhNormal, DVBWTTSurekhBold",ÂÖ,ष,derived,15,8,1.0
fam-03-dvbwttsurekh,LEGACY_8BIT,"DVBW-TTSurekh, DVBW-TTSurekh,Bold, DVBWTTSurekhNormal, DVBWTTSurekhBold",ÃŸ,स्,derived,15,5,1.0
fam-03-dvbwttsurekh,LEGACY_8BIT,"DVBW-TTSurekh, DVBW-TTSurekh,Bold, DVBWTTSurekhNormal, DVBWTTSurekhBold","ß,",ी,derived,15,9,1.0
fam-03-dvbwttsurekh,LEGACY_8BIT,"DVBW-TTSurekh, DVBW-TTSurekh,Bold, DVBWTTSurekhNormal, DVBWTTSurekhBold",†ÃÖ,अस,derived,15,9,1.0
fam-03-dvbwttsurekh,LEGACY_8BIT,"DVBW-TTSurekh, DVBW-TTSurekh,Bold, DVBWTTSurekhNormal, DVBWTTSurekhBold",‹,ए,derived,15,7,1.0
fam-03-dvbwttsurekh,LEGACY_8BIT,"DVBW-TTSurekh, DVBW-TTSurekh,Bold, DVBWTTSurekhNormal, DVBWTTSurekhBold",´Öæ,मू,derived,14,6,1.0
fam-03-dvbwttsurekh,LEGACY_8BIT,"DVBW-TTSurekh, DVBW-TTSurekh,Bold, DVBWTTSurekhNormal, DVBWTTSurekhBold",¸,र,derived,14,7,1.0
fam-03-dvbwttsurekh,LEGACY_8BIT,"DVBW-TTSurekh, DVBW-TTSurekh,Bold, DVBWTTSurekhNormal, DVBWTTSurekhBold",Ö¾Ö,ाव,derived,14,7,1.0
fam-03-dvbwttsurekh,LEGACY_8BIT,"DVBW-TTSurekh, DVBW-TTSurekh,Bold, DVBWTTSurekhNormal, DVBWTTSurekhBold",êŸÖ,ेत,derived,14,8,1.0
fam-03-dvbwttsurekh,LEGACY_8BIT,"DVBW-TTSurekh, DVBW-TTSurekh,Bold, DVBWTTSurekhNormal, DVBWTTSurekhBold",üŸ,त,derived,14,5,1.0
fam-03-dvbwttsurekh,LEGACY_8BIT,"DVBW-TTSurekh, DVBW-TTSurekh,Bold, DVBWTTSurekhNormal, DVBWTTSurekhBold",Ÿ,त,derived,14,7,0.7368421052631579
fam-03-dvbwttsurekh,LEGACY_8BIT,"DVBW-TTSurekh, DVBW-TTSurekh,Bold, DVBWTTSurekhNormal, DVBWTTSurekhBold",¬,्,derived,13,5,1.0
fam-03-dvbwttsurekh,LEGACY_8BIT,"DVBW-TTSurekh, DVBW-TTSurekh,Bold, DVBWTTSurekhNormal, DVBWTTSurekhBold",¯Öã,पु,derived,13,7,1.0
fam-03-dvbwttsurekh,LEGACY_8BIT,"DVBW-TTSurekh, DVBW-TTSurekh,Bold, DVBWTTSurekhNormal, DVBWTTSurekhBold",¸êü,रे,derived,13,9,1.0
fam-03-dvbwttsurekh,LEGACY_8BIT,"DVBW-TTSurekh, DVBW-TTSurekh,Bold, DVBWTTSurekhNormal, DVBWTTSurekhBold",×´Ö,िम,derived,13,8,1.0
fam-03-dvbwttsurekh,LEGACY_8BIT,"DVBW-TTSurekh, DVBW-TTSurekh,Bold, DVBWTTSurekhNormal, DVBWTTSurekhBold",ÝÖã,गु,derived,13,8,1.0
fam-03-dvbwttsurekh,LEGACY_8BIT,"DVBW-TTSurekh, DVBW-TTSurekh,Bold, DVBWTTSurekhNormal, DVBWTTSurekhBold",ÖµÖ,लय,derived,12,5,1.0
fam-03-dvbwttsurekh,LEGACY_8BIT,"DVBW-TTSurekh, DVBW-TTSurekh,Bold, DVBWTTSurekhNormal, DVBWTTSurekhBold",Ö»,ल्,derived,12,6,1.0
fam-03-dvbwttsurekh,LEGACY_8BIT,"DVBW-TTSurekh, DVBW-TTSurekh,Bold, DVBWTTSurekhNormal, DVBWTTSurekhBold",üß,ी,derived,12,6,1.0
fam-03-dvbwttsurekh,LEGACY_8BIT,"DVBW-TTSurekh, DVBW-TTSurekh,Bold, DVBWTTSurekhNormal, DVBWTTSurekhBold",ÃÖ´,सम,derived,11,5,1.0
fam-03-dvbwttsurekh,LEGACY_8BIT,"DVBW-TTSurekh, DVBW-TTSurekh,Bold, DVBWTTSurekhNormal, DVBWTTSurekhBold",Öê×,ोि,derived,11,7,1.0
fam-03-dvbwttsurekh,LEGACY_8BIT,"DVBW-TTSurekh, DVBW-TTSurekh,Bold, DVBWTTSurekhNormal, DVBWTTSurekhBold",Ö“Ö,ाच,derived,11,8,1.0
fam-03-dvbwttsurekh,LEGACY_8BIT,"DVBW-TTSurekh, DVBW-TTSurekh,Bold, DVBWTTSurekhNormal, DVBWTTSurekhBold",‘Ö,घ,derived,11,8,1.0
fam-03-dvbwttsurekh,LEGACY_8BIT,"DVBW-TTSurekh, DVBW-TTSurekh,Bold, DVBWTTSurekhNormal, DVBWTTSurekhBold",¿ÖÖ,शा,derived,10,6,1.0
fam-03-dvbwttsurekh,LEGACY_8BIT,"DVBW-TTSurekh, DVBW-TTSurekh,Bold, DVBWTTSurekhNormal, DVBWTTSurekhBold",Ö¯Ö,ाप,derived,10,5,1.0
fam-03-dvbwttsurekh,LEGACY_8BIT,"DVBW-TTSurekh, DVBW-TTSurekh,Bold, DVBWTTSurekhNormal, DVBWTTSurekhBold",ÖÔÛ,गा,derived,10,5,1.0
fam-03-dvbwttsurekh,LEGACY_8BIT,"DVBW-TTSurekh, DVBW-TTSurekh,Bold, DVBWTTSurekhNormal, DVBWTTSurekhBold",ÖŸÖ,ात,derived,10,5,1.0
fam-03-dvbwttsurekh,LEGACY_8BIT,"DVBW-TTSurekh, DVBW-TTSurekh,Bold, DVBWTTSurekhNormal, DVBWTTSurekhBold",×“Ö,िच,derived,10,9,1.0
fam-03-dvbwttsurekh,LEGACY_8BIT,"DVBW-TTSurekh, DVBW-TTSurekh,Bold, DVBWTTSurekhNormal, DVBWTTSurekhBold",ü®Ö,ून,derived,10,6,1.0
fam-03-dvbwttsurekh,LEGACY_8BIT,"DVBW-TTSurekh, DVBW-TTSurekh,Bold, DVBWTTSurekhNormal, DVBWTTSurekhBold",‡,इ,derived,10,5,1.0
fam-03-dvbwttsurekh,LEGACY_8BIT,"DVBW-TTSurekh, DVBW-TTSurekh,Bold, DVBWTTSurekhNormal, DVBWTTSurekhBold",ÂÖÖ,षा,derived,9,5,1.0
fam-03-dvbwttsurekh,LEGACY_8BIT,"DVBW-TTSurekh, DVBW-TTSurekh,Bold, DVBWTTSurekhNormal, DVBWTTSurekhBold",ÖÖ×,ाि,derived,9,5,1.0
fam-03-dvbwttsurekh,LEGACY_8BIT,"DVBW-TTSurekh, DVBW-TTSurekh,Bold, DVBWTTSurekhNormal, DVBWTTSurekhBold",ÖÖÛ,या,derived,9,5,1.0
fam-03-dvbwttsurekh,LEGACY_8BIT,"DVBW-TTSurekh, DVBW-TTSurekh,Bold, DVBWTTSurekhNormal, DVBWTTSurekhBold",Öã,ु,derived,9,5,1.0
fam-03-dvbwttsurekh,LEGACY_8BIT,"DVBW-TTSurekh, DVBW-TTSurekh,Bold, DVBWTTSurekhNormal, DVBWTTSurekhBold",Ý,ग,derived,9,7,1.0
fam-03-dvbwttsurekh,LEGACY_8BIT,"DVBW-TTSurekh, DVBW-TTSurekh,Bold, DVBWTTSurekhNormal, DVBWTTSurekhBold",ôêû,ळे,derived,9,6,1.0
fam-03-dvbwttsurekh,LEGACY_8BIT,"DVBW-TTSurekh, DVBW-TTSurekh,Bold, DVBWTTSurekhNormal, DVBWTTSurekhBold",¯Öî,पै,derived,8,6,1.0
fam-03-dvbwttsurekh,LEGACY_8BIT,"DVBW-TTSurekh, DVBW-TTSurekh,Bold, DVBWTTSurekhNormal, DVBWTTSurekhBold",¸Óü,रं,derived,8,5,1.0
fam-03-dvbwttsurekh,LEGACY_8BIT,"DVBW-TTSurekh, DVBW-TTSurekh,Bold, DVBWTTSurekhNormal, DVBWTTSurekhBold",ÝÖ×,गि,derived,8,7,1.0
fam-03-dvbwttsurekh,LEGACY_8BIT,"DVBW-TTSurekh, DVBW-TTSurekh,Bold, DVBWTTSurekhNormal, DVBWTTSurekhBold",ŒŸ,क्,derived,8,5,1.0
fam-03-dvbwttsurekh,LEGACY_8BIT,"DVBW-TTSurekh, DVBW-TTSurekh,Bold, DVBWTTSurekhNormal, DVBWTTSurekhBold",„ÖÖ,जा,derived,8,6,1.0
fam-03-dvbwttsurekh,LEGACY_8BIT,"DVBW-TTSurekh, DVBW-TTSurekh,Bold, DVBWTTSurekhNormal, DVBWTTSurekhBold",›êü,डे,derived,8,5,1.0
fam-03-dvbwttsurekh,LEGACY_8BIT,"DVBW-TTSurekh, DVBW-TTSurekh,Bold, DVBWTTSurekhNormal, DVBWTTSurekhBold","®Ö,",न,derived,7,6,1.0
fam-03-dvbwttsurekh,LEGACY_8BIT,"DVBW-TTSurekh, DVBW-TTSurekh,Bold, DVBWTTSurekhNormal, DVBWTTSurekhBold",ú›æ,कड,derived,7,6,1.0
fam-03-dvbwttsurekh,LEGACY_8BIT,"DVBW-TTSurekh, DVBW-TTSurekh,Bold, DVBWTTSurekhNormal, DVBWTTSurekhBold",—ÖÖ,झा,derived,7,6,1.0
fam-03-dvbwttsurekh,LEGACY_8BIT,"DVBW-TTSurekh, DVBW-TTSurekh,Bold, DVBWTTSurekhNormal, DVBWTTSurekhBold",”ûÖ,छा,derived,7,5,1.0
fam-03-dvbwttsurekh,LEGACY_8BIT,"DVBW-TTSurekh, DVBW-TTSurekh,Bold, DVBWTTSurekhNormal, DVBWTTSurekhBold",‡ŸÖ,इत,derived,7,5,1.0
fam-03-dvbwttsurekh,LEGACY_8BIT,"DVBW-TTSurekh, DVBW-TTSurekh,Bold, DVBWTTSurekhNormal, DVBWTTSurekhBold",ºþ,रू,derived,6,5,1.0
fam-03-dvbwttsurekh,LEGACY_8BIT,"DVBW-TTSurekh, DVBW-TTSurekh,Bold, DVBWTTSurekhNormal, DVBWTTSurekhBold",Ûéú,कृ,derived,6,5,1.0
fam-04-f1,LEGACY_ASCII,"F1, F2, MG Shree, TT314t00",j,र,derived,379,16,1.0
fam-04-f1,LEGACY_ASCII,"F1, F2, MG Shree, TT314t00",d,क,derived,320,16,1.0
fam-04-f1,LEGACY_ASCII,"F1, F2, MG Shree, TT314t00",r,त,derived,278,13,1.0
fam-04-f1,LEGACY_ASCII,"F1, F2, MG Shree, TT314t00",u,न,derived,256,15,1.0
fam-04-f1,LEGACY_ASCII,"F1, F2, MG Shree, TT314t00",y,ल,derived,254,15,1.0
fam-04-f1,LEGACY_ASCII,"F1, F2, MG Shree, TT314t00",i,प,derived,228,14,1.0
fam-04-f1,LEGACY_ASCII,"F1, F2, MG Shree, TT314t00",e,म,derived,222,16,1.0
fam-04-f1,LEGACY_ASCII,"F1, F2, MG Shree, TT314t00",f,ि,derived,205,15,1.0
fam-04-f1,LEGACY_ASCII,"F1, F2, MG Shree, TT314t00",l,स,derived,198,14,1.0
fam-04-f1,LEGACY_ASCII,"F1, F2, MG Shree, TT314t00",h,ी,derived,177,15,1.0
fam-04-f1,LEGACY_ASCII,"F1, F2, MG Shree, TT314t00",H,भ,derived,176,14,1.0
fam-04-f1,LEGACY_ASCII,"F1, F2, MG Shree, TT314t00",v,अ,derived,171,12,1.0
fam-04-f1,LEGACY_ASCII,"F1, F2, MG Shree, TT314t00",g,ह,derived,147,14,1.0
fam-04-f1,LEGACY_ASCII,"F1, F2, MG Shree, TT314t00",kj,ार,derived,140,14,1.0
fam-04-f1,LEGACY_ASCII,"F1, F2, MG Shree, TT314t00",vf,अि,derived,128,13,1.0
fam-04-f1,LEGACY_ASCII,"F1, F2, MG Shree, TT314t00",t,ज,derived,126,14,1.0
fam-04-f1,LEGACY_ASCII,"F1, F2, MG Shree, TT314t00",x,ग,derived,124,15,1.0
fam-04-f1,LEGACY_ASCII,"F1, F2, MG Shree, TT314t00",a,ं,derived,119,13,1.0
fam-04-f1,LEGACY_ASCII,"F1, F2, MG Shree, TT314t00",;,य,derived,112,14,1.0
fam-04-f1,LEGACY_ASCII,"F1, F2, MG Shree, TT314t00",s,े,derived,104,12,1.0
fam-04-f1,LEGACY_ASCII,"F1, F2, MG Shree, TT314t00",gs,हे,derived,96,7,1.0
fam-04-f1,LEGACY_ASCII,"F1, F2, MG Shree, TT314t00",/k,ध,derived,93,11,0.775
fam-04-f1,LEGACY_ASCII,"F1, F2, MG Shree, TT314t00",fu,िन,derived,91,11,1.0
fam-04-f1,LEGACY_ASCII,"F1, F2, MG Shree, TT314t00",'k,श,derived,87,10,1.0
fam-04-f1,LEGACY_ASCII,"F1, F2, MG Shree, TT314t00",ksa,ों,derived,82,10,1.0
fam-04-f1,LEGACY_ASCII,"F1, F2, MG Shree, TT314t00",ok,वा,derived,79,9,1.0
fam-04-f1,LEGACY_ASCII,"F1, F2, MG Shree, TT314t00",ou,वन,derived,79,6,1.0
fam-04-f1,LEGACY_ASCII,"F1, F2, MG Shree, TT314t00",ky,ाल,derived,70,7,1.0
fam-04-f1,LEGACY_ASCII,"F1, F2, MG Shree, TT314t00",fH,िभ,derived,67,7,1.0
fam-04-f1,LEGACY_ASCII,"F1, F2, MG Shree, TT314t00",c,ब,derived,64,11,1.0
fam-04-f1,LEGACY_ASCII,"F1, F2, MG Shree, TT314t00",n,द,derived,63,11,1.0
fam-04-f1,LEGACY_ASCII,"F1, F2, MG Shree, TT314t00",L,स्,derived,61,11,0.648936170212766
fam-04-f1,LEGACY_ASCII,"F1, F2, MG Shree, TT314t00",m,उ,derived,58,8,1.0
fam-04-f1,LEGACY_ASCII,"F1, F2, MG Shree, TT314t00",p,च,derived,58,13,1.0
fam-04-f1,LEGACY_ASCII,"F1, F2, MG Shree, TT314t00",gks,हो,derived,57,5,1.0
fam-04-f1,LEGACY_ASCII,"F1, F2, MG Shree, TT314t00",;k,या,derived,54,9,1.0
fam-04-f1,LEGACY_ASCII,"F1, F2, MG Shree, TT314t00",dks,को,derived,54,7,1.0
fam-04-f1,LEGACY_ASCII,"F1, F2, MG Shree, TT314t00",sM,ोड,derived,54,8,0.7605633802816901
fam-04-f1,LEGACY_ASCII,"F1, F2, MG Shree, TT314t00",jk,रा,derived,53,9,1.0
fam-04-f1,LEGACY_ASCII,"F1, F2, MG Shree, TT314t00",ks,ो,derived,53,10,1.0
fam-04-f1,LEGACY_ASCII,"F1, F2, MG Shree, TT314t00",o,व,derived,53,12,1.0
fam-04-f1,LEGACY_ASCII,"F1, F2, MG Shree, TT314t00",yk,ला,derived,52,7,1.0
fam-04-f1,LEGACY_ASCII,"F1, F2, MG Shree, TT314t00",kx,ाग,derived,51,8,0.5930232558139535
fam-04-f1,LEGACY_ASCII,"F1, F2, MG Shree, TT314t00",rF,त,derived,50,8,0.9433962264150944
fam-04-f1,LEGACY_ASCII,"F1, F2, MG Shree, TT314t00",tk,जा,derived,49,8,1.0
fam-04-f1,LEGACY_ASCII,"F1, F2, MG Shree, TT314t00",la,सं,derived,47,13,1.0
fam-04-f1,LEGACY_ASCII,"F1, F2, MG Shree, TT314t00",q,ु,derived,45,7,1.0
fam-04-f1,LEGACY_ASCII,"F1, F2, MG Shree, TT314t00",',श,derived,44,9,1.0
fam-04-f1,LEGACY_ASCII,"F1, F2, MG Shree, TT314t00",ik,पा,derived,43,6,1.0
fam-04-f1,LEGACY_ASCII,"F1, F2, MG Shree, TT314t00",bZ,ई,derived,38,9,1.0
fam-04-f1,LEGACY_ASCII,"F1, F2, MG Shree, TT314t00",fu;,नय,derived,37,6,0.8809523809523809
fam-04-f1,LEGACY_ASCII,"F1, F2, MG Shree, TT314t00",sg,ोह,derived,36,5,0.782608695652174
fam-04-f1,LEGACY_ASCII,"F1, F2, MG Shree, TT314t00",z,्र,derived,36,10,1.0
fam-04-f1,LEGACY_ASCII,"F1, F2, MG Shree, TT314t00",od,वक,derived,35,5,1.0
fam-04-f1,LEGACY_ASCII,"F1, F2, MG Shree, TT314t00",Y,ल्,derived,32,7,1.0
fam-04-f1,LEGACY_ASCII,"F1, F2, MG Shree, TT314t00",ku,ान,derived,32,11,1.0
fam-04-f1,LEGACY_ASCII,"F1, F2, MG Shree, TT314t00",if,पि,derived,30,7,1.0
fam-04-f1,LEGACY_ASCII,"F1, F2, MG Shree, TT314t00",at,ंज,derived,29,6,1.0
fam-04-f1,LEGACY_ASCII,"F1, F2, MG Shree, TT314t00",fo,िव,derived,29,9,1.0
fam-04-f1,LEGACY_ASCII,"F1, F2, MG Shree, TT314t00",ke,ाम,derived,29,6,1.0
fam-04-f1,LEGACY_ASCII,"F1, F2, MG Shree, TT314t00",mi,उप,derived,29,5,1.0
fam-04-f1,LEGACY_ASCII,"F1, F2, MG Shree, TT314t00",kf,ाि,derived,28,8,1.0
fam-04-f1,LEGACY_ASCII,"F1, F2, MG Shree, TT314t00",Hkh,भी,derived,27,7,1.0
fam-04-f1,LEGACY_ASCII,"F1, F2, MG Shree, TT314t00",dk,का,derived,26,9,1.0
fam-04-f1,LEGACY_ASCII,"F1, F2, MG Shree, TT314t00",fy,िल,derived,26,7,1.0
fam-04-f1,LEGACY_ASCII,"F1, F2, MG Shree, TT314t00",k;,ाय,derived,26,7,1.0
fam-04-f1,LEGACY_ASCII,"F1, F2, MG Shree, TT314t00",ck,बा,derived,25,5,1.0
fam-04-f1,LEGACY_ASCII,"F1, F2, MG Shree, TT314t00",ksx,ोग,derived,25,7,1.0
fam-04-f1,LEGACY_ASCII,"F1, F2, MG Shree, TT314t00",vks,ाओ,derived,25,7,1.0
fam-04-f1,LEGACY_ASCII,"F1, F2, MG Shree, TT314t00",dj,कर,derived,24,9,1.0
fam-04-f1,LEGACY_ASCII,"F1, F2, MG Shree, TT314t00",lj,सर,derived,24,7,1.0
fam-04-f1,LEGACY_ASCII,"F1, F2, MG Shree, TT314t00",uk,ना,derived,24,5,1.0
fam-04-f1,LEGACY_ASCII,"F1, F2, MG Shree, TT314t00",fn,िद,derived,23,6,1.0
fam-04-f1,LEGACY_ASCII,"F1, F2, MG Shree, TT314t00",in,पद,derived,23,6,1.0
fam-04-f1,LEGACY_ASCII,"F1, F2, MG Shree, TT314t00",+,़,derived,21,5,1.0
fam-04-f1,LEGACY_ASCII,"F1, F2, MG Shree, TT314t00",j.k,रण,derived,21,6,1.0
fam-04-f1,LEGACY_ASCII,"F1, F2, MG Shree, TT314t00",qj,ुर,derived,21,7,1.0
fam-04-f1,LEGACY_ASCII,"F1, F2, MG Shree, TT314t00",yh,ली,derived,21,8,1.0
fam-04-f1,LEGACY_ASCII,"F1, F2, MG Shree, TT314t00",jd,रक,derived,20,5,1.0
fam-04-f1,LEGACY_ASCII,"F1, F2, MG Shree, TT314t00",rh,ती,derived,20,6,1.0
fam-04-f1,LEGACY_ASCII,"F1, F2, MG Shree, TT314t00",ud,नक,derived,20,6,0.7142857142857143
fam-04-f1,LEGACY_ASCII,"F1, F2, MG Shree, TT314t00",ax,ंग,derived,19,6,1.0
fam-04-f1,LEGACY_ASCII,"F1, F2, MG Shree, TT314t00",ek,मा,derived,19,6,1.0
fam-04-f1,LEGACY_ASCII,"F1, F2, MG Shree, TT314t00",fg,िह,derived,19,7,1.0
fam-04-f1,LEGACY_ASCII,"F1, F2, MG Shree, TT314t00",oH,वभ,derived,19,8,0.9047619047619048
fam-04-f1,LEGACY_ASCII,"F1, F2, MG Shree, TT314t00",uh,नी,derived,19,6,1.0
fam-04-f1,LEGACY_ASCII,"F1, F2, MG Shree, TT314t00",vk;,आय,derived,19,7,1.0
fam-04-f1,LEGACY_ASCII,"F1, F2, MG Shree, TT314t00",;q,यु,derived,18,8,1.0
fam-04-f1,LEGACY_ASCII,"F1, F2, MG Shree, TT314t00",gSA,है,derived,18,6,1.0
fam-04-f1,LEGACY_ASCII,"F1, F2, MG Shree, TT314t00",ji,रप,derived,18,7,1.0
fam-04-f1,LEGACY_ASCII,"F1, F2, MG Shree, TT314t00",qy,ुल,derived,18,6,1.0
fam-04-f1,LEGACY_ASCII,"F1, F2, MG Shree, TT314t00",uq,नु,derived,18,5,1.0
fam-04-f1,LEGACY_ASCII,"F1, F2, MG Shree, TT314t00",;e,यम,derived,17,5,1.0
fam-04-f1,LEGACY_ASCII,"F1, F2, MG Shree, TT314t00",M,ड,derived,17,9,1.0
fam-04-f1,LEGACY_ASCII,"F1, F2, MG Shree, TT314t00",eg,मह,derived,17,7,1.0
fam-04-f1,LEGACY_ASCII,"F1, F2, MG Shree, TT314t00",hy,ील,derived,17,5,1.0
fam-04-f1,LEGACY_ASCII,"F1, F2, MG Shree, TT314t00",e],म,derived,16,6,0.8888888888888888
fam-04-f1,LEGACY_ASCII,"F1, F2, MG Shree, TT314t00",gS],है,derived,16,7,1.0
fam-04-f1,LEGACY_ASCII,"F1, F2, MG Shree, TT314t00",iq,पु,derived,16,5,1.0
fam-04-f1,LEGACY_ASCII,"F1, F2, MG Shree, TT314t00",jh,री,derived,16,5,1.0
fam-04-f1,LEGACY_ASCII,"F1, F2, MG Shree, TT314t00",su,ोन,derived,16,5,0.64
fam-04-f1,LEGACY_ASCII,"F1, F2, MG Shree, TT314t00",gj,हर,derived,15,7,1.0
fam-04-f1,LEGACY_ASCII,"F1, F2, MG Shree, TT314t00",lH,स,derived,15,5,0.7894736842105263
fam-04-f1,LEGACY_ASCII,"F1, F2, MG Shree, TT314t00",lk,सा,derived,15,8,1.0
fam-04-f1,LEGACY_ASCII,"F1, F2, MG Shree, TT314t00",lq,सु,derived,15,7,1.0
fam-04-f1,LEGACY_ASCII,"F1, F2, MG Shree, TT314t00",ue,नर,derived,15,5,0.7142857142857143
fam-04-f1,LEGACY_ASCII,"F1, F2, MG Shree, TT314t00",U,न्,derived,14,5,1.0
fam-04-f1,LEGACY_ASCII,"F1, F2, MG Shree, TT314t00",ap,ंच,derived,14,9,1.0
fam-04-f1,LEGACY_ASCII,"F1, F2, MG Shree, TT314t00",kb,ाई,derived,14,5,0.6086956521739131
fam-04-f1,LEGACY_ASCII,"F1, F2, MG Shree, TT314t00",xk,गा,derived,14,5,1.0
fam-04-f1,LEGACY_ASCII,"F1, F2, MG Shree, TT314t00",fr,ित,derived,13,7,1.0
fam-04-f1,LEGACY_ASCII,"F1, F2, MG Shree, TT314t00",kkx,ाग,derived,13,6,1.0
fam-04-f1,LEGACY_ASCII,"F1, F2, MG Shree, TT314t00",nk,दा,derived,12,6,1.0
fam-04-f1,LEGACY_ASCII,"F1, F2, MG Shree, TT314t00",vu,अन,derived,12,6,1.0
fam-04-f1,LEGACY_ASCII,"F1, F2, MG Shree, TT314t00",wf,ूि,derived,12,5,1.0
fam-04-f1,LEGACY_ASCII,"F1, F2, MG Shree, TT314t00",/ku,धन,derived,11,5,1.0
fam-04-f1,LEGACY_ASCII,"F1, F2, MG Shree, TT314t00",A,।,derived,11,5,1.0
fam-04-f1,LEGACY_ASCII,"F1, F2, MG Shree, TT314t00",dq,कु,derived,11,6,1.0
fam-04-f1,LEGACY_ASCII,"F1, F2, MG Shree, TT314t00",es,मे,derived,11,5,1.0
fam-04-f1,LEGACY_ASCII,"F1, F2, MG Shree, TT314t00",f',ि,derived,11,5,0.6875
fam-04-f1,LEGACY_ASCII,"F1, F2, MG Shree, TT314t00",k[,ाख,derived,11,5,0.9166666666666666
fam-04-f1,LEGACY_ASCII,"F1, F2, MG Shree, TT314t00",nu,दन,derived,11,8,1.0
fam-04-f1,LEGACY_ASCII,"F1, F2, MG Shree, TT314t00",yd,लक,derived,11,5,1.0
fam-04-f1,LEGACY_ASCII,"F1, F2, MG Shree, TT314t00",fj,िर,derived,10,8,1.0
fam-04-f1,LEGACY_ASCII,"F1, F2, MG Shree, TT314t00",kj],ार,derived,10,6,1.0
fam-04-f1,LEGACY_ASCII,"F1, F2, MG Shree, TT314t00",nj,दर,derived,10,6,1.0
fam-04-f1,LEGACY_ASCII,"F1, F2, MG Shree, TT314t00",pk,चा,derived,10,7,1.0
fam-04-f1,LEGACY_ASCII,"F1, F2, MG Shree, TT314t00",us,ने,derived,10,5,1.0
fam-04-f1,LEGACY_ASCII,"F1, F2, MG Shree, TT314t00",R,त्,derived,9,6,0.5625
fam-04-f1,LEGACY_ASCII,"F1, F2, MG Shree, TT314t00",h;,ीय,derived,9,6,1.0
fam-04-f1,LEGACY_ASCII,"F1, F2, MG Shree, TT314t00",hd,ीक,derived,9,6,1.0
fam-04-f1,LEGACY_ASCII,"F1, F2, MG Shree, TT314t00",lh,सी,derived,9,5,1.0
fam-04-f1,LEGACY_ASCII,"F1, F2, MG Shree, TT314t00",ql,ुस,derived,9,5,1.0
fam-04-f1,LEGACY_ASCII,"F1, F2, MG Shree, TT314t00",s],े,derived,9,5,0.6428571428571429
fam-04-f1,LEGACY_ASCII,"F1, F2, MG Shree, TT314t00",sy,ेल,derived,9,5,1.0
fam-04-f1,LEGACY_ASCII,"F1, F2, MG Shree, TT314t00",B,ठ,derived,7,6,1.0
fam-04-f1,LEGACY_ASCII,"F1, F2, MG Shree, TT314t00",Dr,क्,derived,7,5,1.0
fam-04-f1,LEGACY_ASCII,"F1, F2, MG Shree, TT314t00",a/k,ंध,derived,7,6,1.0
fam-04-f1,LEGACY_ASCII,"F1, F2, MG Shree, TT314t00",ij,पर,derived,7,7,1.0
fam-04-f1,LEGACY_ASCII,"F1, F2, MG Shree, TT314t00",y],ल,derived,7,5,1.0
fam-04-f1,LEGACY_ASCII,"F1, F2, MG Shree, TT314t00",?,घ,derived,6,6,1.0
fam-04-f1,LEGACY_ASCII,"F1, F2, MG Shree, TT314t00",N,छ,derived,6,6,1.0
fam-04-f1,LEGACY_ASCII,"F1, F2, MG Shree, TT314t00",ca,बं,derived,6,6,1.0
fam-04-f1,LEGACY_ASCII,"F1, F2, MG Shree, TT314t00",qf,ुि,derived,6,5,1.0
fam-05-tte2a71928t0,LEGACY_8BIT,"TTE2A71928t00, TTE2A70A90t00, TTE37EE6D8t00, TTE13D6120t00",=Ç,र,derived,50,15,0.9259259259259259
fam-05-tte2a71928t0,LEGACY_8BIT,"TTE2A71928t00, TTE2A70A90t00, TTE37EE6D8t00, TTE13D6120t00",=Ö,र,derived,30,14,0.8571428571428571
fam-05-tte2a71928t0,LEGACY_8BIT,"TTE2A71928t00, TTE2A70A90t00, TTE37EE6D8t00, TTE13D6120t00",Ü=,्,derived,26,12,0.9629629629629629
fam-05-tte2a71928t0,LEGACY_8BIT,"TTE2A71928t00, TTE2A70A90t00, TTE37EE6D8t00, TTE13D6120t00",=ä,र,derived,24,12,0.8571428571428571
fam-05-tte2a71928t0,LEGACY_8BIT,"TTE2A71928t00, TTE2A70A90t00, TTE37EE6D8t00, TTE13D6120t00",=î,ा,derived,23,9,0.7419354838709677
fam-05-tte2a71928t0,LEGACY_8BIT,"TTE2A71928t00, TTE2A70A90t00, TTE37EE6D8t00, TTE13D6120t00",âë,्,derived,22,12,0.7857142857142857
fam-05-tte2a71928t0,LEGACY_8BIT,"TTE2A71928t00, TTE2A70A90t00, TTE37EE6D8t00, TTE13D6120t00",=E,ं,derived,19,9,1.0
fam-05-tte2a71928t0,LEGACY_8BIT,"TTE2A71928t00, TTE2A70A90t00, TTE37EE6D8t00, TTE13D6120t00",~=,ि,derived,18,11,0.782608695652174
fam-05-tte2a71928t0,LEGACY_8BIT,"TTE2A71928t00, TTE2A70A90t00, TTE37EE6D8t00, TTE13D6120t00",âàâ,का,derived,16,7,0.8888888888888888
fam-05-tte2a71928t0,LEGACY_8BIT,"TTE2A71928t00, TTE2A70A90t00, TTE37EE6D8t00, TTE13D6120t00",of,के,derived,15,8,1.0
fam-05-tte2a71928t0,LEGACY_8BIT,"TTE2A71928t00, TTE2A70A90t00, TTE37EE6D8t00, TTE13D6120t00",=(,र,derived,14,6,0.6363636363636364
fam-05-tte2a71928t0,LEGACY_8BIT,"TTE2A71928t00, TTE2A70A90t00, TTE37EE6D8t00, TTE13D6120t00",ââ,ा,derived,14,8,0.7368421052631579
fam-05-tte2a71928t0,LEGACY_8BIT,"TTE2A71928t00, TTE2A70A90t00, TTE37EE6D8t00, TTE13D6120t00",ê=,ि,derived,14,9,0.9333333333333333
fam-05-tte2a71928t0,LEGACY_8BIT,"TTE2A71928t00, TTE2A70A90t00, TTE37EE6D8t00, TTE13D6120t00",N),ी,derived,13,5,1.0
fam-05-tte2a71928t0,LEGACY_8BIT,"TTE2A71928t00, TTE2A70A90t00, TTE37EE6D8t00, TTE13D6120t00",Xâ,र,derived,13,9,0.8125
fam-05-tte2a71928t0,LEGACY_8BIT,"TTE2A71928t00, TTE2A70A90t00, TTE37EE6D8t00, TTE13D6120t00",âì,्,derived,13,9,0.9285714285714286
fam-05-tte2a71928t0,LEGACY_8BIT,"TTE2A71928t00, TTE2A70A90t00, TTE37EE6D8t00, TTE13D6120t00",Çâ,ा,derived,12,7,0.631578947368421
fam-05-tte2a71928t0,LEGACY_8BIT,"TTE2A71928t00, TTE2A70A90t00, TTE37EE6D8t00, TTE13D6120t00",ÇäÜ,र,derived,12,6,1.0
fam-05-tte2a71928t0,LEGACY_8BIT,"TTE2A71928t00, TTE2A70A90t00, TTE37EE6D8t00, TTE13D6120t00",Öâ,्,derived,12,5,0.7058823529411765
fam-05-tte2a71928t0,LEGACY_8BIT,"TTE2A71928t00, TTE2A70A90t00, TTE37EE6D8t00, TTE13D6120t00",)=,ग,derived,11,7,0.6470588235294118
fam-05-tte2a71928t0,LEGACY_8BIT,"TTE2A71928t00, TTE2A70A90t00, TTE37EE6D8t00, TTE13D6120t00",=X,ि,derived,11,8,0.9166666666666666
fam-05-tte2a71928t0,LEGACY_8BIT,"TTE2A71928t00, TTE2A70A90t00, TTE37EE6D8t00, TTE13D6120t00",t,ा,derived,11,6,0.5789473684210527
fam-05-tte2a71928t0,LEGACY_8BIT,"TTE2A71928t00, TTE2A70A90t00, TTE37EE6D8t00, TTE13D6120t00",Çà,िक,derived,11,5,0.9166666666666666
fam-05-tte2a71928t0,LEGACY_8BIT,"TTE2A71928t00, TTE2A70A90t00, TTE37EE6D8t00, TTE13D6120t00",ÑÇ,िक,derived,11,7,0.8461538461538461
fam-05-tte2a71928t0,LEGACY_8BIT,"TTE2A71928t00, TTE2A70A90t00, TTE37EE6D8t00, TTE13D6120t00",Ñì,िन,derived,11,9,0.6875
fam-05-tte2a71928t0,LEGACY_8BIT,"TTE2A71928t00, TTE2A70A90t00, TTE37EE6D8t00, TTE13D6120t00",â=,र,derived,11,8,0.5789473684210527
fam-05-tte2a71928t0,LEGACY_8BIT,"TTE2A71928t00, TTE2A70A90t00, TTE37EE6D8t00, TTE13D6120t00",ë=î,न,derived,11,7,0.7857142857142857
fam-05-tte2a71928t0,LEGACY_8BIT,"TTE2A71928t00, TTE2A70A90t00, TTE37EE6D8t00, TTE13D6120t00",er-,रा,derived,10,6,1.0
fam-05-tte2a71928t0,LEGACY_8BIT,"TTE2A71928t00, TTE2A70A90t00, TTE37EE6D8t00, TTE13D6120t00",Çâ=,के,derived,10,7,0.5555555555555556
fam-05-tte2a71928t0,LEGACY_8BIT,"TTE2A71928t00, TTE2A70A90t00, TTE37EE6D8t00, TTE13D6120t00",â=Ç,्,derived,10,8,0.7142857142857143
fam-05-tte2a71928t0,LEGACY_8BIT,"TTE2A71928t00, TTE2A70A90t00, TTE37EE6D8t00, TTE13D6120t00",âX,का,derived,10,7,0.7692307692307693
fam-05-tte2a71928t0,LEGACY_8BIT,"TTE2A71928t00, TTE2A70A90t00, TTE37EE6D8t00, TTE13D6120t00",ãáL,िध,derived,10,5,1.0
fam-05-tte2a71928t0,LEGACY_8BIT,"TTE2A71928t00, TTE2A70A90t00, TTE37EE6D8t00, TTE13D6120t00",äë=,या,derived,10,8,0.8333333333333334
fam-05-tte2a71928t0,LEGACY_8BIT,"TTE2A71928t00, TTE2A70A90t00, TTE37EE6D8t00, TTE13D6120t00",=ã,र,derived,9,8,0.6
fam-05-tte2a71928t0,LEGACY_8BIT,"TTE2A71928t00, TTE2A70A90t00, TTE37EE6D8t00, TTE13D6120t00",ÇÜ=,का,derived,9,8,1.0
fam-05-tte2a71928t0,LEGACY_8BIT,"TTE2A71928t00, TTE2A70A90t00, TTE37EE6D8t00, TTE13D6120t00",â^,ी,derived,9,6,0.9
fam-05-tte2a71928t0,LEGACY_8BIT,"TTE2A71928t00, TTE2A70A90t00, TTE37EE6D8t00, TTE13D6120t00",.,ि,derived,8,6,1.0
fam-05-tte2a71928t0,LEGACY_8BIT,"TTE2A71928t00, TTE2A70A90t00, TTE37EE6D8t00, TTE13D6120t00",htm,लए,derived,8,6,1.0
fam-05-tte2a71928t0,LEGACY_8BIT,"TTE2A71928t00, TTE2A70A90t00, TTE37EE6D8t00, TTE13D6120t00",pà,्,derived,8,8,0.6666666666666666
fam-05-tte2a71928t0,LEGACY_8BIT,"TTE2A71928t00, TTE2A70A90t00, TTE37EE6D8t00, TTE13D6120t00",àì,्,derived,8,8,1.0
fam-05-tte2a71928t0,LEGACY_8BIT,"TTE2A71928t00, TTE2A70A90t00, TTE37EE6D8t00, TTE13D6120t00",âà,्,derived,8,7,0.6666666666666666
fam-05-tte2a71928t0,LEGACY_8BIT,"TTE2A71928t00, TTE2A70A90t00, TTE37EE6D8t00, TTE13D6120t00",ë=Ñ,ि,derived,8,8,0.8
fam-05-tte2a71928t0,LEGACY_8BIT,"TTE2A71928t00, TTE2A70A90t00, TTE37EE6D8t00, TTE13D6120t00",ñÉ,ा,derived,8,6,0.6666666666666666
fam-05-tte2a71928t0,LEGACY_8BIT,"TTE2A71928t00, TTE2A70A90t00, TTE37EE6D8t00, TTE13D6120t00",ñÉ],त,derived,8,6,0.7272727272727273
fam-05-tte2a71928t0,LEGACY_8BIT,"TTE2A71928t00, TTE2A70A90t00, TTE37EE6D8t00, TTE13D6120t00",=Ñì,्,derived,7,5,0.7
fam-05-tte2a71928t0,LEGACY_8BIT,"TTE2A71928t00, TTE2A70A90t00, TTE37EE6D8t00, TTE13D6120t00",Ç=,र,derived,7,5,1.0
fam-05-tte2a71928t0,LEGACY_8BIT,"TTE2A71928t00, TTE2A70A90t00, TTE37EE6D8t00, TTE13D6120t00",ÇX,्,derived,7,7,0.875
fam-05-tte2a71928t0,LEGACY_8BIT,"TTE2A71928t00, TTE2A70A90t00, TTE37EE6D8t00, TTE13D6120t00",Çê,ा,derived,7,5,1.0
fam-05-tte2a71928t0,LEGACY_8BIT,"TTE2A71928t00, TTE2A70A90t00, TTE37EE6D8t00, TTE13D6120t00",ÖÜ,र,derived,7,5,1.0
fam-05-tte2a71928t0,LEGACY_8BIT,"TTE2A71928t00, TTE2A70A90t00, TTE37EE6D8t00, TTE13D6120t00",áò,क,derived,7,6,0.7777777777777778
fam-05-tte2a71928t0,LEGACY_8BIT,"TTE2A71928t00, TTE2A70A90t00, TTE37EE6D8t00, TTE13D6120t00",â=ã,्,derived,7,6,0.875
fam-05-tte2a71928t0,LEGACY_8BIT,"TTE2A71928t00, TTE2A70A90t00, TTE37EE6D8t00, TTE13D6120t00",âç,ा,derived,7,6,0.5833333333333334
fam-05-tte2a71928t0,LEGACY_8BIT,"TTE2A71928t00, TTE2A70A90t00, TTE37EE6D8t00, TTE13D6120t00",íâ,त,derived,7,6,0.7
fam-05-tte2a71928t0,LEGACY_8BIT,"TTE2A71928t00, TTE2A70A90t00, TTE37EE6D8t00, TTE13D6120t00",îÑ,र,derived,7,7,0.7
fam-05-tte2a71928t0,LEGACY_8BIT,"TTE2A71928t00, TTE2A70A90t00, TTE37EE6D8t00, TTE13D6120t00",îâp,ि,derived,7,6,0.6363636363636364
fam-05-tte2a71928t0,LEGACY_8BIT,"TTE2A71928t00, TTE2A70A90t00, TTE37EE6D8t00, TTE13D6120t00",=É,ा,derived,6,5,0.8571428571428571
fam-05-tte2a71928t0,LEGACY_8BIT,"TTE2A71928t00, TTE2A70A90t00, TTE37EE6D8t00, TTE13D6120t00",=Éë,त,derived,6,5,0.75
fam-05-tte2a71928t0,LEGACY_8BIT,"TTE2A71928t00, TTE2A70A90t00, TTE37EE6D8t00, TTE13D6120t00",=äë,त,derived,6,5,1.0
fam-05-tte2a71928t0,LEGACY_8BIT,"TTE2A71928t00, TTE2A70A90t00, TTE37EE6D8t00, TTE13D6120t00",âÜ,र,derived,6,5,1.0
fam-05-tte2a71928t0,LEGACY_8BIT,"TTE2A71928t00, TTE2A70A90t00, TTE37EE6D8t00, TTE13D6120t00",ãá,न,derived,6,6,0.8571428571428571
fam-05-tte2a71928t0,LEGACY_8BIT,"TTE2A71928t00, TTE2A70A90t00, TTE37EE6D8t00, TTE13D6120t00",(x,क,derived,5,5,1.0
fam-05-tte2a71928t0,LEGACY_8BIT,"TTE2A71928t00, TTE2A70A90t00, TTE37EE6D8t00, TTE13D6120t00",=ÇÜ,ि,derived,5,5,0.7142857142857143
fam-05-tte2a71928t0,LEGACY_8BIT,"TTE2A71928t00, TTE2A70A90t00, TTE37EE6D8t00, TTE13D6120t00",=ÑÇ,ि,derived,5,5,0.8333333333333334
fam-05-tte2a71928t0,LEGACY_8BIT,"TTE2A71928t00, TTE2A70A90t00, TTE37EE6D8t00, TTE13D6120t00",LâÑ,्,derived,5,5,0.8333333333333334
fam-05-tte2a71928t0,LEGACY_8BIT,"TTE2A71928t00, TTE2A70A90t00, TTE37EE6D8t00, TTE13D6120t00",rL,ि,derived,5,5,0.7142857142857143
fam-05-tte2a71928t0,LEGACY_8BIT,"TTE2A71928t00, TTE2A70A90t00, TTE37EE6D8t00, TTE13D6120t00",â),ा,derived,5,5,0.8333333333333334
fam-05-tte2a71928t0,LEGACY_8BIT,"TTE2A71928t00, TTE2A70A90t00, TTE37EE6D8t00, TTE13D6120t00",âÑ,िर,derived,5,5,0.7142857142857143
fam-05-tte2a71928t0,LEGACY_8BIT,"TTE2A71928t00, TTE2A70A90t00, TTE37EE6D8t00, TTE13D6120t00",äë,न,derived,5,5,0.7142857142857143
fam-05-tte2a71928t0,LEGACY_8BIT,"TTE2A71928t00, TTE2A70A90t00, TTE37EE6D8t00, TTE13D6120t00",ìÇ,ि,derived,5,5,1.0
